ticker,quantity,cost_basis
VOO,34,168.83
BRK.B,38,258.69
MSFT,20,198.58
SLV,74,121.44
BAC,17,496.77
JNJ,17,306.19
XOM,29,173.68
JPM,7,365.1
SLV,12,115.39
TSLA,12,370.61
TLT,68,474.31
SLV,25,92.19
LIN,16,359.77
SHOP,10,30.93
NVDA,16,328.72
PYPL,16,472.68
CRM,24,117.2
GOOGL,43,117.03
MSFT,28,156.27
NVDA,9,348.69
UNH,41,392.71
XOM,22,217.29
ORCL,8,162.99
SPY,17,300.55
MSFT,31,161.09
UBER,30,331.31
PG,15,413.04
EEM,50,179.13
QQQ,13,324.3
EFA,30,398.75
SHOP,17,28.94
AVGO,11,332.03
XOM,43,262.13
AMD,23,537.62
PYPL,31,356.78
BAC,31,552.48
COST,23,507.22
AMAT,3,532.44
AAPL,26,165.52
BND,26,194.33
COST,21,445.34
MA,69,406.78
EFA,13,335.47
CRM,46,139.54
DIS,16,126.2
BAC,26,520.61
V,15,84.69
UNH,18,317.22
BND,30,263.19
DIS,24,115.53
TSLA,9,423.71
NVDA,19,307.85
NFLX,21,328.97
TSLA,91,455.59
CSCO,29,219.62
TXN,6,107.02
CSCO,25,287.1
SPY,21,276.37
WMT,23,196.3
COST,54,465.57
GOOGL,42,122.16
GLD,65,51.77
NKE,36,311.37
SHOP,12,27.59
BRK.B,26,205.51
SHEL,8,407.32
NFLX,11,331.59
NVDA,12,404.0
UBER,14,333.94
PFE,43,372.15
LLY,28,203.05
VOO,7,175.48
IVV,29,494.41
ASML,10,419.96
AMAT,35,501.91
ADBE,29,172.82
SQ,15,319.54
PG,30,351.81
EEM,90,170.28
META,10,159.32
GOOGL,12,150.07
IWM,55,262.95
XOM,48,236.61
VNQ,43,209.58
PFE,20,397.15
NVDA,13,307.29
TXN,23,111.76
XOM,29,247.82
AMAT,24,569.17
TSLA,20,591.9
NFLX,38,281.49
BAC,11,493.4
NKE,20,267.69
VOO,34,170.18
LLY,13,143.61
ADBE,17,182.97
MA,28,368.92
ADBE,27,173.59
CSCO,13,225.69
UNH,25,332.02
IWM,31,311.31
BAC,52,525.38
EFA,9,316.79
SHEL,35,428.91
TLT,35,712.91
QQQ,36,382.7
META,47,159.22
SPY,19,291.01
VOO,14,166.8
MA,17,438.02
SHOP,123,22.97
GLD,39,50.19
JNJ,17,366.7
MA,25,377.66
NKE,14,266.67
NFLX,14,321.91
BAC,25,429.93
SHEL,110,434.73
VOO,5,175.52
EFA,15,393.47
UBER,14,342.58
XOM,34,248.86
TLT,10,467.95
PEP,17,206.88
LLY,84,184.05
VNQ,10,189.52
VNQ,108,191.87
AMZN,8,62.24
XOM,59,206.3
MRK,33,25.01
GOOGL,12,136.14
COST,2,374.55
PEP,20,190.87
INTC,76,336.26
BAC,18,473.72
META,67,122.23
UNH,55,385.27
BP,12,171.07
SQ,28,288.49
ASML,25,475.97
EEM,26,173.92
PEP,74,191.14
UNH,109,294.66
QQQ,22,360.58
VZ,29,52.26
INTC,21,381.91
ASML,16,549.92
BP,31,148.6
QQQ,46,349.22
NKE,43,265.19
V,13,82.23
WMT,41,245.04
JPM,24,397.03
JNJ,60,301.3
SLV,35,108.5
UBER,21,393.16
SHOP,43,32.49
WMT,61,228.9
SLV,39,107.06
PYPL,30,380.68
CRM,26,143.83
LIN,13,444.19
PYPL,12,330.37
INTC,55,444.48
ADBE,37,178.43
XOM,24,201.17
JPM,25,359.71
ORCL,48,175.25
VZ,13,54.3
NVDA,32,317.6
BND,13,262.66
AMZN,29,62.06
AMAT,17,498.14
BRK.B,8,181.78
V,14,85.9
VOO,30,202.07
MA,44,425.44
LULU,24,81.78
TLT,24,470.63
CRM,30,120.91
SPY,35,315.78
META,22,154.8
NFLX,39,298.65
NFLX,28,314.23
SPY,26,241.98
NKE,24,261.29
ABNB,67,81.18
WMT,110,207.3
UBER,45,355.0
AMAT,113,437.63
AAPL,13,159.33
TLT,5,456.76
GLD,14,63.36
BRK.B,31,267.96
TLT,47,453.77
ASML,13,528.5
SHOP,9,36.11
BND,56,240.83
BAC,7,542.17
VNQ,22,196.08
QQQ,8,312.58
DIS,24,119.55
BRK.B,17,235.07
PFE,11,429.18
CRM,26,142.53
MA,40,375.22
NKE,8,284.36
AAPL,30,156.26
GLD,72,63.1
ASML,56,503.08
GLD,103,75.35
WMT,20,254.94
ORCL,38,207.7
BND,12,276.21
HD,51,262.69
ORCL,10,134.74
BP,20,176.04
TSLA,70,450.21
AMAT,76,404.38
VOO,7,170.54
KO,32,180.57
LLY,5,173.64
VOO,9,185.48
ORCL,31,158.28
SPY,17,232.82
PG,23,428.9
V,12,93.49
ADBE,16,150.13
BND,22,223.5
MA,16,371.41
SHOP,97,29.73
VNQ,15,175.1
SHEL,22,393.29
ABNB,37,79.42
BP,16,150.88
AAPL,20,124.26
SPY,8,310.47
PEP,77,217.77
VZ,36,58.59
MSFT,211,231.77
BRK.B,22,193.64
SHEL,7,413.86
ADBE,14,137.6
ASML,15,434.27
LLY,79,194.09
COST,24,502.88
KO,25,162.54
JNJ,71,345.29
AMZN,11,64.57
JNJ,13,270.5
ASML,46,613.39
SQ,9,331.88
NVDA,15,320.73
NVDA,16,305.32
GLD,25,56.03
VZ,29,56.14
MRK,20,20.39
META,16,161.07
BND,34,225.26
SHOP,26,32.27
VNQ,7,181.85
JPM,15,418.33
JPM,14,306.72
IWM,7,293.36
T,29,217.24
UBER,38,278.1
MA,23,370.73
WMT,15,229.62
ABNB,13,69.44
AMAT,49,451.09
SPY,44,230.56
CRM,35,157.46
UNH,4,348.0
SHEL,36,394.16
SHOP,31,27.45
BND,26,250.43
GLD,55,64.14
EFA,31,339.32
PG,17,364.83
EEM,32,152.98
KO,30,226.43
INTC,45,390.04
IWM,56,277.4
QQQ,5,296.06
ADBE,6,158.92
AMD,24,576.37
LIN,30,345.71
ABNB,43,53.48
AMD,28,524.23
BRK.B,8,248.74
JNJ,31,308.16
XOM,38,286.87
META,27,152.08
DIS,17,106.76
MSFT,43,183.33
PYPL,25,364.55
UBER,34,361.27
XOM,50,211.64
PYPL,20,341.3
XOM,17,235.65
AAPL,41,152.68
META,45,171.7
EEM,32,197.41
VOO,14,146.04
AMZN,7,77.94
XOM,38,223.94
META,29,127.73
LIN,135,360.55
GOOGL,26,149.06
AMAT,34,497.66
DIS,14,125.61
META,91,171.52
ORCL,74,167.46
JNJ,12,319.42
BAC,25,527.64
IWM,7,345.22
VZ,21,53.59
UNH,12,308.39
SHOP,43,29.86
JPM,9,330.67
GLD,19,74.71
SHEL,20,331.13
ASML,20,482.71
SQ,3,308.85
SQ,20,336.85
T,89,276.62
JNJ,20,281.26
LULU,148,93.62
T,24,242.97
COST,28,419.64
AVGO,16,362.24
PG,23,359.71
TSLA,14,451.94
TSLA,20,526.78
IWM,3,329.88
CRM,58,100.84
CSCO,19,211.72
CRM,9,121.71
AVGO,11,469.2
NKE,47,284.18
AMAT,40,418.98
GLD,16,65.9
AMZN,10,71.73
TLT,20,465.59
QQQ,40,354.76
QQQ,19,383.66
TSLA,11,479.22
AMZN,37,63.63
INTC,30,344.98
GLD,46,60.86
DIS,17,133.84
COST,14,354.86
AMAT,8,519.88
TSLA,10,540.21
JNJ,5,390.34
PG,28,380.33
PG,16,403.23
SHOP,23,33.52
AMD,26,488.49
JPM,19,388.84
CRM,30,106.69
HD,9,362.66
BAC,27,456.1
NKE,24,256.84
JNJ,16,294.03
AMAT,28,427.74
SHEL,32,321.46
META,50,156.06
AMD,29,536.42
COST,78,479.02
AMAT,6,410.22
TXN,15,107.7
UBER,35,317.11
TSLA,27,405.79
AMZN,15,54.93
QQQ,12,282.17
SHOP,12,33.34
LLY,12,230.96
AAPL,34,175.49
NVDA,13,369.27
SHEL,16,409.92
BND,147,252.26
TXN,54,98.3
JNJ,23,393.24
MA,15,528.1
AVGO,40,361.51
VZ,38,63.07
T,37,197.76
UNH,14,373.37
AMAT,23,520.74
INTC,27,340.87
LIN,32,381.05
AMZN,36,74.65
MA,43,457.66
NFLX,23,251.22
AAPL,33,175.96
NFLX,29,265.69
WMT,11,257.17
SHEL,23,437.04
LULU,25,93.29
LULU,47,87.2
NKE,26,232.88
PFE,18,420.44
CRM,28,126.53
EFA,59,318.64
GLD,21,58.96
LULU,67,95.15
UBER,50,285.44
IWM,29,322.82
EEM,25,181.72
VZ,17,66.03
V,122,84.32
PG,17,451.91
PFE,74,409.24
UNH,18,371.79
AMZN,9,58.8
PYPL,12,351.09
SLV,23,114.33
SHOP,72,26.05
AMZN,48,64.38
SLV,23,120.2
PEP,11,234.78
AMZN,27,69.98
AMZN,30,85.55
PYPL,15,362.08
T,15,227.44
ORCL,15,203.85
BP,66,150.98
TXN,13,113.43
ABNB,16,78.33
MA,28,354.86
AMZN,72,80.32
ORCL,15,170.1
NVDA,29,354.31
TXN,38,133.26
HD,21,301.06
META,9,134.73
SPY,23,324.16
META,17,151.65
TLT,24,557.04
AMAT,143,453.77
JNJ,17,364.96
INTC,39,495.87
BRK.B,36,209.29
ASML,37,565.43
SQ,43,329.8
JNJ,51,369.83
PYPL,64,416.82
SPY,21,271.42
GOOGL,57,123.68
IVV,31,430.67
NVDA,25,392.9
AVGO,28,389.84
IWM,9,317.8
PYPL,38,487.11
SQ,19,319.06
ABNB,29,86.58
PEP,22,232.0
SHEL,37,413.05
WMT,17,233.64
UNH,52,337.4
IWM,26,267.17
EEM,56,131.67
PEP,16,234.64
JNJ,73,321.76
WMT,16,279.86
INTC,8,298.82
JPM,33,367.93
IWM,12,316.47
QQQ,29,314.0
KO,10,200.26
NKE,38,243.63
PEP,89,195.65
SHEL,8,370.46
BND,23,262.65
SHEL,20,421.07
META,10,173.27
AAPL,23,194.7
NKE,31,260.07
IVV,36,476.28
SQ,38,360.46
TSLA,28,484.21
META,23,173.2
SHOP,15,36.0
UNH,23,318.73
ORCL,26,163.82
WMT,44,210.44
JPM,17,302.74
SHEL,17,286.49
CSCO,8,241.82
ASML,42,524.52
META,12,146.83
ASML,24,429.67
JNJ,70,358.47
ADBE,21,166.46
PFE,28,329.66
MA,20,398.26
AMD,12,463.65
LLY,86,189.02
SHOP,16,31.63
EEM,65,179.0
KO,25,167.21
IVV,39,473.34
COST,45,459.59
QQQ,51,315.17
ABNB,61,74.53
AAPL,104,157.48
IWM,82,298.61
MRK,15,21.55
UBER,19,365.04
KO,35,168.8
SHEL,24,507.86
IWM,82,306.95
TSLA,25,452.67
ASML,37,437.79
JPM,20,313.13
WMT,32,246.05
BRK.B,17,260.03
ASML,10,411.35
TSLA,28,502.31
SLV,79,105.08
UBER,52,345.75
V,21,97.51
BAC,38,378.17
PFE,68,508.95
SPY,15,279.39
UNH,34,396.84
EEM,16,148.13
DIS,24,135.61
UNH,35,367.69
TLT,42,320.87
VOO,54,135.84
TXN,19,92.94
WMT,9,260.12
ORCL,17,185.82
VZ,23,59.71
WMT,25,193.17
LIN,49,334.0
BP,8,153.75
TXN,70,118.31
AMZN,19,63.31
NVDA,19,425.53
VOO,32,180.54
CRM,50,138.09
LLY,20,171.38
BAC,23,464.32
GOOGL,40,137.97
AAPL,40,170.02
DIS,25,90.37
VNQ,46,177.82
JPM,49,255.45
VOO,105,168.8
WMT,53,199.83
MA,37,378.93
SLV,15,136.74
AMD,21,492.36
UBER,45,368.02
EEM,27,168.18
CRM,131,133.31
UBER,28,391.15
AAPL,53,196.13
BRK.B,38,188.72
META,76,127.36
ASML,30,453.87
EFA,23,371.04
LIN,30,373.02
V,75,92.96
SHOP,20,33.02
GOOGL,56,116.92
LLY,37,190.29
ADBE,19,193.31
PYPL,22,392.55
UBER,21,348.01
V,11,72.93
CRM,74,120.6
JPM,12,290.35
GOOGL,15,115.35
KO,77,203.25
ADBE,15,210.77
LIN,48,341.2
SHEL,4,515.06
LULU,9,74.61
AMAT,50,626.53
GOOGL,64,146.4
LIN,37,391.4
CSCO,41,229.08
UNH,26,381.91
TLT,14,471.1
JNJ,7,320.49
IWM,12,253.05
TSLA,27,520.78
CSCO,46,179.84
VNQ,12,189.99
UBER,12,338.0
ASML,36,441.05
AMAT,26,407.06
AVGO,16,402.56
IVV,8,475.89
SLV,24,118.57
V,28,102.59
SHEL,26,383.18
SHEL,26,430.34
JNJ,25,325.9
AMAT,15,446.09
MA,9,524.83
COST,10,391.53
COST,14,472.9
HD,19,382.81
ASML,15,515.75
AVGO,13,487.48
MSFT,10,211.92
HD,38,349.49
SLV,21,109.47
SHEL,25,396.87
DIS,48,150.41
LULU,16,77.68
SHEL,23,529.06
AVGO,13,463.93
COST,79,398.67
IWM,36,348.68
AMAT,18,472.8
SLV,16,97.66
COST,15,364.32
JNJ,25,294.35
BAC,28,379.32
MA,30,477.15
LULU,6,97.13
EFA,57,305.14
TSLA,79,468.68
NFLX,14,311.66
AMAT,36,489.06
GOOGL,35,121.97
TXN,27,89.15
T,22,217.25
XOM,14,258.88
PG,52,412.93
MRK,11,22.01
BP,57,164.84
NKE,124,258.2
CSCO,28,213.38
KO,26,177.96
MRK,40,25.51
LULU,14,78.11
AMAT,6,514.18
XOM,11,167.2
XOM,32,292.88
MSFT,24,224.88
IWM,25,288.22
PG,46,371.4
INTC,29,421.59
DIS,15,133.03
BAC,21,424.1
AMAT,35,432.39
META,25,147.52
VNQ,52,180.44
BAC,24,512.17
CSCO,64,236.43
QQQ,24,283.78
ORCL,11,171.87
INTC,16,396.81
TLT,25,518.51
LLY,23,185.77
SHOP,25,22.58
DIS,12,116.82
MSFT,10,219.03
BRK.B,71,250.71
ASML,21,588.31
WMT,27,219.08
HD,15,320.87
PYPL,18,394.63
WMT,27,228.4
GOOGL,33,156.71
TSLA,47,366.73
SPY,4,296.62
CRM,9,130.62
CSCO,10,173.68
GLD,35,67.91
LULU,16,64.06
PEP,16,235.03
CRM,8,137.19
SPY,24,285.26
ORCL,26,157.57
BRK.B,56,214.56
NFLX,24,278.62
LIN,17,317.34
SQ,21,374.74
PG,9,310.29
WMT,68,222.58
GOOGL,15,154.23
EEM,16,196.42
CRM,39,126.38
AAPL,111,159.2
ABNB,41,75.41
SHEL,61,479.7
COST,25,388.43
SHOP,33,27.19
TLT,100,495.51
GLD,18,63.62
SLV,9,98.23
SLV,56,102.43
IWM,11,310.46
PG,56,418.0
ADBE,49,150.85
CRM,9,158.42
META,19,143.23
IWM,62,311.15
BP,33,204.19
DIS,15,132.12
IVV,25,466.57
PEP,71,238.16
IWM,35,329.22
TXN,19,96.55
BRK.B,11,167.11
GLD,103,54.0
LIN,21,343.25
KO,30,199.03
ORCL,44,165.92
KO,21,187.43
IWM,20,347.94
AVGO,34,421.87
PEP,39,256.09
INTC,27,342.75
EFA,32,329.06
PFE,16,467.36
UBER,58,348.25
JPM,30,471.49
PG,29,504.94
AVGO,36,305.77
IWM,41,305.02
NFLX,60,339.11
TLT,22,415.9
SLV,21,99.85
LIN,16,380.12
HD,78,348.73
IVV,10,476.12
SQ,56,288.13
KO,22,181.6
INTC,14,437.5
UBER,22,364.85
LLY,13,166.31
AAPL,40,164.0
KO,82,172.59
PFE,28,485.5
UNH,9,303.49
CRM,8,154.58
LULU,16,121.5
PYPL,16,395.28
SPY,72,330.93
QQQ,103,385.64
PEP,50,240.44
NKE,42,230.25
AMD,13,479.65
AMD,21,453.74
TLT,39,543.41
UNH,26,453.03
ORCL,11,174.25
T,14,189.1
LULU,23,91.6
LIN,70,381.92
LULU,11,113.64
SLV,57,118.97
MA,20,383.82
IWM,18,329.79
NVDA,91,403.72
PFE,17,377.98
ORCL,27,140.54
IWM,30,286.51
VOO,17,138.83
IVV,35,423.11
DIS,10,77.91
NVDA,24,413.08
MRK,78,21.62
BND,16,269.56
JNJ,12,336.07
TLT,41,559.3
KO,22,176.85
XOM,13,203.07
COST,20,445.87
PG,46,347.71
V,69,85.29
MSFT,24,186.0
GOOGL,4,151.67
JNJ,41,313.37
T,25,258.77
IVV,8,423.3
TXN,42,91.2
VNQ,30,142.93
META,34,147.05
NKE,7,281.02
AVGO,14,349.99
ASML,28,567.83
VOO,12,172.95
SQ,33,336.74
PG,27,367.85
EEM,13,162.79
EFA,11,231.82
NFLX,33,347.79
VZ,4,49.64
INTC,37,506.14
JNJ,24,295.99
V,21,102.71
QQQ,15,304.5
EFA,17,316.12
AAPL,26,205.15
LIN,30,344.29
BND,19,207.33
AMAT,45,480.11
VNQ,21,236.14
ASML,30,454.02
TSLA,18,507.74
VNQ,26,141.25
CRM,46,123.48
XOM,91,254.66
HD,17,384.14
COST,25,470.74
EFA,34,320.71
ABNB,15,81.8
NKE,19,234.62
AMZN,12,69.44
UBER,103,302.86
JNJ,24,379.28
BP,23,170.88
TXN,11,112.88
BRK.B,21,244.59
NKE,56,323.18
JPM,36,406.83
COST,28,408.94
NKE,31,237.82
IWM,27,337.8
ABNB,12,82.76
UBER,61,342.44
SPY,5,247.27
PEP,60,223.86
BND,12,239.74
LIN,44,378.33
AMD,20,458.72
IVV,18,401.97
MRK,76,22.0
GLD,57,73.6
LIN,49,336.65
ORCL,32,177.88
CRM,13,139.47
LLY,10,200.54
BP,17,165.99
UBER,29,336.57
AMD,36,452.49
LIN,45,297.69
MA,26,534.68
SLV,12,102.16
AMAT,35,495.08
T,31,257.98
AMD,38,543.74
WMT,32,221.71
BND,39,313.38
JNJ,22,286.39
LLY,53,172.98
VOO,5,189.14
BAC,16,461.33
VNQ,30,174.62
VNQ,40,161.8
ABNB,35,70.53
VZ,41,60.65
VOO,12,194.05
JNJ,16,355.77
BAC,31,569.28
AMD,20,459.73
META,24,142.31
EEM,42,129.87
PFE,11,380.69
JNJ,47,390.89
BAC,22,456.95
DIS,25,135.45
PEP,12,230.9
LIN,48,376.39
SHOP,28,33.16
NVDA,3,368.35
JPM,15,305.51
V,35,102.69
XOM,22,251.22
NFLX,75,363.27
EFA,77,388.75
V,25,71.21
EEM,20,144.82
UNH,112,376.68
META,26,157.45
AVGO,25,466.54
AVGO,15,396.73
DIS,14,100.05
SHOP,15,29.47
NKE,18,226.07
AVGO,9,383.81
AMZN,8,72.11
UNH,25,317.5
LLY,19,159.68
AVGO,30,450.04
NFLX,6,318.09
LIN,21,383.64
VNQ,28,155.31
PYPL,19,349.78
EFA,52,357.87
MSFT,92,202.83
TXN,14,87.86
ASML,6,404.17
BND,29,270.78
SQ,8,344.27
NFLX,17,319.29
T,75,269.91
AAPL,20,153.32
CSCO,5,202.48
KO,21,159.81
BND,22,257.55
NFLX,20,289.29
TXN,27,113.05
LIN,11,415.15
LLY,22,175.92
AVGO,40,398.53
SHOP,47,30.62
SLV,15,116.02
SLV,11,112.65
SHOP,23,28.86
COST,22,330.61
SPY,16,269.69
LIN,27,311.26
XOM,59,202.01
VZ,48,59.38
XOM,15,273.47
BAC,10,517.84
CRM,49,123.44
VZ,65,54.79
MSFT,30,210.7
NFLX,22,344.29
DIS,42,93.94
IWM,61,233.49
TLT,50,553.43
COST,11,405.99
INTC,11,395.45
GLD,19,68.06
MA,61,506.41
LLY,16,171.11
NKE,7,222.72
BP,48,193.5
JPM,10,363.68
IVV,24,467.2
SHOP,13,31.11
MSFT,17,203.97
BP,35,162.2
INTC,18,400.58
PYPL,23,369.55
SQ,20,370.52
IWM,36,281.34
MSFT,39,196.14
NVDA,55,355.75
QQQ,22,354.89
CRM,8,116.09
JPM,10,398.24
AMAT,82,614.41
NKE,38,261.38
HD,6,311.28
AMZN,14,61.16
WMT,21,215.39
NFLX,6,341.92
PEP,11,230.92
UNH,104,342.35
NKE,4,238.1
PEP,53,277.23
DIS,10,125.97
BND,17,251.96
ASML,156,409.03
NFLX,29,331.37
BAC,52,471.88
BND,30,243.21
LLY,29,168.29
AVGO,37,370.49
WMT,31,227.52
LLY,53,174.44
NVDA,7,392.22
T,13,224.56
MSFT,16,238.02
SLV,5,153.07
SHOP,51,30.39
AMZN,23,68.34
CSCO,35,238.76
XOM,36,227.86
QQQ,21,330.69
META,21,167.77
VNQ,37,110.48
QQQ,38,344.67
GOOGL,24,130.73
BND,53,284.22
MSFT,14,214.3
JNJ,12,270.63
PG,15,424.62
LLY,47,186.33
MSFT,40,216.98
IVV,15,475.43
V,42,96.14
JNJ,56,351.89
JPM,31,441.8
T,24,217.89
IWM,21,265.61
BRK.B,15,214.93
SQ,14,299.39
UNH,6,394.65
NKE,24,222.38
EFA,38,397.12
WMT,7,207.42
VNQ,14,151.46
ADBE,43,162.06
MA,20,329.46
SPY,38,227.06
SPY,25,275.6
SLV,63,93.74
EEM,2,164.67
BRK.B,86,251.24
VNQ,28,160.65
MRK,43,20.21
MA,34,460.07
KO,51,241.31
TSLA,32,418.99
PYPL,24,304.62
MSFT,15,194.29
SHEL,16,411.39
KO,13,205.67
SQ,24,310.53
TLT,19,496.6
BP,43,145.21
NFLX,15,302.32
INTC,9,366.01
EEM,17,178.03
PG,29,393.74
META,44,145.25
PYPL,32,381.93
EFA,29,332.0
LLY,4,172.69
VOO,66,190.76
JNJ,48,372.43
TSLA,26,456.81
EFA,15,343.42
VNQ,37,195.38
KO,22,171.49
TXN,24,115.11
TLT,8,353.19
SPY,16,227.65
COST,17,419.47
BRK.B,17,256.84
LULU,30,96.31
SQ,37,268.4
LULU,50,92.11
GOOGL,39,119.48
CSCO,8,243.35
SHOP,31,26.4
CRM,13,152.37
IWM,10,349.18
ADBE,13,178.63
META,19,158.37
ORCL,16,174.91
QQQ,25,296.3
DIS,41,111.56
AAPL,20,151.19
TXN,4,104.9
AVGO,132,424.18
MRK,24,22.16
VZ,24,60.19
TSLA,10,505.91
CRM,40,145.81
ADBE,33,166.31
VOO,39,183.87
LIN,19,330.6
LLY,26,208.15
NKE,10,203.14
EEM,27,162.1
V,27,90.74
CRM,20,158.24
HD,7,299.86
GLD,22,49.97
ABNB,21,87.31
QQQ,24,346.12
BAC,10,431.9
IVV,18,434.77
COST,60,455.62
BP,11,166.87
SHOP,34,33.65
VNQ,74,149.92
T,13,206.91
NKE,20,260.36
CRM,48,133.02
MRK,19,23.3
GLD,13,77.85
PYPL,7,395.29
BAC,101,466.78
PEP,21,214.85
TXN,21,125.05
JNJ,5,384.0
LLY,9,169.9
SHEL,18,432.53
NVDA,8,359.53
BAC,101,390.11
ASML,28,459.4
AMD,33,480.94
JNJ,15,343.31
BND,86,249.35
NKE,40,208.3
SQ,12,328.5
IVV,69,471.29
IWM,19,291.66
NFLX,10,336.52
DIS,45,112.43
MSFT,17,210.84
VZ,18,56.03
TXN,106,104.18
PEP,19,207.04
HD,41,325.72
VZ,15,65.44
UNH,66,357.07
CSCO,6,248.39
COST,15,467.56
WMT,6,252.78
DIS,10,129.3
BAC,24,413.01
ASML,18,540.14
SPY,26,285.42
EFA,97,289.96
ASML,76,505.29
BAC,13,391.95
UBER,21,385.78
AAPL,22,202.81
ABNB,8,72.69
PG,10,401.59
NVDA,45,323.44
JNJ,3,332.06
GLD,33,65.26
AVGO,58,337.85
VZ,39,64.56
UBER,7,360.68
BND,17,252.7
JNJ,31,305.36
EFA,15,358.42
T,11,211.93
QQQ,39,290.37
EEM,39,170.06
VZ,7,51.89
AMD,56,423.34
LULU,17,98.11
MSFT,42,198.15
NVDA,16,398.78
PFE,82,487.93
XOM,26,203.57
INTC,13,431.37
EFA,32,417.0
JNJ,38,265.82
KO,51,159.57
IWM,18,300.44
PYPL,99,531.04
ADBE,37,162.27
T,35,269.64
UBER,19,422.19
ABNB,28,77.15
CSCO,39,232.81
CRM,44,124.3
SLV,16,96.52
UBER,33,379.83
DIS,33,142.77
CSCO,24,239.38
EFA,11,340.38
NKE,39,271.68
BAC,19,462.39
KO,8,173.51
WMT,45,244.08
XOM,34,226.79
BRK.B,24,201.39
GLD,40,65.38
PG,34,360.51
PEP,5,254.03
BRK.B,17,196.08
SLV,39,105.97
SHOP,51,31.79
BND,39,213.37
EFA,57,368.15
HD,18,338.69
PG,7,403.67
UNH,11,322.34
SLV,8,126.05
T,15,288.53
BAC,16,370.84
GLD,11,71.47
PYPL,21,361.28
BND,27,270.57
ABNB,53,85.45
SPY,19,224.28
PFE,18,450.28
TSLA,12,394.99
LLY,31,174.5
PG,25,349.78
PFE,20,388.21
XOM,45,253.45
ADBE,6,147.41
HD,8,306.99
KO,23,149.74
AAPL,12,151.0
EEM,28,162.46
SHOP,14,30.23
JPM,16,378.76
BAC,79,541.42
GOOGL,9,150.77
AMZN,43,56.97
UBER,43,411.47
PFE,11,388.57
EFA,50,368.59
JPM,36,407.52
VOO,32,144.35
AMAT,51,552.66
BND,20,253.87
VZ,8,59.97
TSLA,36,442.91
AMAT,53,465.21
AAPL,36,150.67
SQ,24,304.38
PFE,28,417.28
T,22,267.83
T,18,196.7
AMD,83,559.39
DIS,9,128.72
HD,17,343.49
AMZN,30,64.22
WMT,14,209.4
AMAT,12,436.26
T,23,222.75
BRK.B,39,257.75
MRK,16,23.54
META,34,156.04
INTC,25,442.1
VZ,34,48.09
META,45,163.4
SQ,14,312.3
VOO,39,167.37
TLT,51,625.81
AMZN,14,55.13
V,30,95.79
V,20,103.53
COST,9,462.55
SQ,16,375.02
KO,98,164.6
NVDA,16,375.78
JNJ,18,322.55
BRK.B,24,168.34
UBER,24,318.61
BND,17,299.41
AVGO,10,425.51
SPY,20,257.77
SPY,42,277.6
LULU,36,103.76
IVV,19,418.79
XOM,11,203.11
VNQ,193,196.22
ABNB,9,61.25
NFLX,34,334.37
AMD,36,465.16
BP,22,168.46
AMD,26,352.05
KO,20,162.76
AMAT,27,658.25
PYPL,31,372.17
CRM,46,142.02
KO,32,194.48
SQ,103,268.69
IVV,34,401.75
AMZN,36,58.8
IVV,18,435.99
SLV,48,123.46
TSLA,10,449.18
BND,14,216.66
UNH,21,370.56
VOO,134,180.6
UNH,9,358.72
WMT,50,285.54
IWM,8,225.88
NVDA,90,356.57
MA,13,461.59
JNJ,3,324.45
HD,30,369.89
UBER,12,350.93
META,12,152.21
MA,13,412.52
AAPL,12,185.09
AVGO,44,376.77
AMD,25,396.43
EFA,19,354.81
SPY,153,231.13
T,68,272.83
PFE,29,528.79
GOOGL,31,143.52
XOM,23,258.54
PFE,52,403.86
EEM,9,157.2
PFE,14,433.31
EFA,58,337.37
AMAT,23,488.01
NKE,44,180.08
META,16,151.42
TLT,56,458.74
XOM,6,242.2
SHEL,15,346.32
WMT,15,223.26
LULU,16,68.36
LULU,45,107.18
VOO,38,148.24
PYPL,21,386.42
IWM,37,315.07
COST,14,431.24
SHEL,33,474.58
PG,40,421.24
CRM,26,156.96
BRK.B,32,196.12
SHOP,65,32.08
XOM,17,212.47
QQQ,30,355.52
V,28,91.45
BP,80,182.92
BAC,28,519.08
MRK,11,23.97
V,87,85.85
META,13,136.12
AMZN,11,59.86
MA,18,360.6
LULU,24,103.03
KO,12,214.33
SPY,35,299.71
SLV,15,122.6
MRK,11,25.32
SQ,27,331.52
BP,10,144.67
PFE,37,386.95
AMD,33,401.12
BRK.B,44,186.37
NKE,36,265.07
EFA,15,381.89
KO,29,169.56
EFA,12,272.89
INTC,31,329.7
BAC,26,451.66
ORCL,39,171.93
SHOP,19,32.2
VZ,31,58.62
AMD,34,391.42
NVDA,41,365.68
SPY,12,258.91
GOOGL,23,134.91
ASML,30,584.76
CRM,52,113.1
SLV,37,128.93
PEP,32,253.87
SPY,100,299.49
WMT,29,256.95
MSFT,27,204.91
NVDA,19,404.55
XOM,13,266.89
TLT,34,405.66
LLY,31,131.29
AMAT,38,536.12
SQ,16,315.49
PYPL,96,363.25
MSFT,11,240.65
BND,96,255.31
TLT,49,566.0
MRK,14,21.55
BAC,58,560.71
SQ,36,278.06
GOOGL,98,128.38
BND,19,265.68
BND,72,281.35
HD,32,351.47
T,25,260.0
ABNB,4,70.21
QQQ,29,290.28
AMD,32,468.07
BP,83,192.67
BAC,17,457.96
HD,23,314.91
PYPL,28,351.53
CRM,11,144.27
VOO,38,155.11
MRK,45,21.15
VZ,29,62.04
NVDA,23,359.23
T,17,237.94
CSCO,21,201.75
AVGO,21,315.64
DIS,17,114.82
PEP,20,217.97
IWM,23,308.46
TSLA,45,411.45
TXN,10,93.94
MA,17,415.44
DIS,14,100.39
AVGO,17,396.12
EFA,37,333.08
VZ,18,50.2
PFE,23,392.19
IWM,36,229.17
INTC,19,420.59
MRK,27,30.27
BND,31,224.45
UBER,22,273.32
GOOGL,23,123.41
NKE,46,230.3
NVDA,22,314.66
PEP,82,215.83
WMT,88,250.63
PEP,34,234.41
BRK.B,32,168.13
VNQ,20,188.03
INTC,23,337.47
AMAT,23,583.75
ORCL,58,177.07
MRK,47,21.87
AAPL,7,152.63
IWM,73,282.09
AMAT,20,467.2
SHOP,93,35.38
NKE,115,241.85
AVGO,30,317.12
AMZN,68,56.82
PG,28,334.13
ABNB,16,65.49
ADBE,16,155.19
IVV,16,497.2
BND,11,261.95
VZ,57,53.0
VOO,14,166.93
AMD,56,491.02
BND,16,270.02
AMZN,11,71.48
UNH,32,370.59
BAC,13,416.77
UBER,35,398.59
JPM,15,413.06
SHEL,5,375.66
PFE,24,388.98
AMD,12,441.39
ASML,30,487.82
EFA,5,266.12
VZ,16,59.58
BRK.B,3,205.6
MSFT,16,238.36
VOO,18,179.57
SPY,27,198.53
COST,42,438.08
JNJ,35,477.12
EEM,5,194.47
MA,20,448.72
KO,23,172.05
UBER,16,361.09
AAPL,8,187.14
UBER,18,300.26
AVGO,17,446.16
NVDA,16,355.29
XOM,14,245.94
LLY,39,214.46
BP,21,175.09
BRK.B,26,252.73
NKE,14,268.6
BRK.B,21,217.04
QQQ,26,346.99
LLY,22,180.04
V,74,98.59
VZ,45,53.39
SHEL,13,450.31
EEM,45,189.59
PFE,16,424.61
ORCL,7,170.0
EEM,49,152.1
BAC,38,455.74
AVGO,30,334.29
LLY,26,112.52
T,21,196.0
T,57,266.41
JNJ,34,383.52
NKE,12,298.26
UBER,47,337.5
V,54,76.46
NFLX,13,290.85
PG,16,336.01
BP,57,157.05
SPY,31,248.47
ORCL,6,184.18
SLV,6,110.28
ASML,9,618.05
JPM,46,396.49
AMAT,59,435.42
META,35,151.22
BAC,29,537.61
VNQ,40,176.63
LULU,7,82.25
TXN,22,108.56
AVGO,11,499.88
DIS,70,127.47
SHEL,25,393.71
LULU,12,93.82
ORCL,29,151.82
BAC,30,457.71
MRK,6,20.52
AAPL,18,210.57
PFE,36,366.67
GLD,34,50.68
KO,52,171.03
LLY,22,203.44
PYPL,9,321.88
PYPL,16,434.91
IWM,8,192.55
VZ,17,60.22
AMAT,56,457.7
V,18,100.37
AMD,6,457.47
SHOP,28,31.2
T,17,244.69
CSCO,4,204.1
DIS,33,104.87
UBER,25,365.99
BND,19,260.42
SHOP,12,28.87
NFLX,37,319.67
NKE,16,253.19
SHEL,40,304.62
PEP,55,215.42
AMAT,33,554.27
PG,9,352.04
EFA,20,323.39
JNJ,82,290.98
SQ,16,318.5
NFLX,10,298.86
XOM,30,216.44
TXN,22,100.54
VNQ,8,177.31
AVGO,83,388.54
GOOGL,28,148.52
PEP,10,270.34
SLV,28,132.98
T,14,296.84
EEM,42,171.81
BP,28,157.25
COST,56,434.23
NFLX,6,271.7
NFLX,21,325.43
IWM,23,334.35
LULU,6,94.56
MRK,6,24.97
QQQ,22,353.76
V,13,101.7
VZ,50,60.44
GOOGL,22,146.66
JPM,14,431.72
ORCL,77,201.32
PYPL,14,403.49
DIS,9,127.05
AMAT,33,375.9
TSLA,10,431.08
AMAT,19,414.3
TXN,32,110.6
AMD,21,436.32
TSLA,51,534.89
ABNB,17,67.45
BP,34,155.12
NKE,22,268.44
AAPL,6,198.84
GLD,25,59.17
V,23,87.76
AVGO,7,457.23
AMAT,25,510.4
QQQ,47,295.53
V,34,85.33
META,44,109.98
T,22,226.05
LULU,33,98.2
WMT,14,208.81
DIS,22,106.09
IVV,44,431.97
EFA,3,340.9
INTC,11,326.46
QQQ,10,341.22
NVDA,62,353.44
TXN,16,113.23
DIS,17,108.97
TXN,10,84.79
TLT,18,496.77
TXN,22,102.0
SHOP,12,31.76
NFLX,9,342.98
PEP,12,204.21
VOO,8,161.35
EEM,48,171.09
ASML,48,530.31
BND,11,245.07
VZ,14,65.5
AMAT,10,536.61
SHOP,45,36.1
GOOGL,18,148.84
IVV,121,418.5
META,8,114.36
JNJ,40,251.03
VOO,18,180.69
TLT,27,512.41
BP,28,186.95
PFE,12,401.17
XOM,14,247.9
SLV,46,117.22
NVDA,56,292.49
CRM,78,158.78
TSLA,41,541.65
BND,7,239.14
VOO,14,186.54
EEM,11,175.77
AMAT,64,525.07
TSLA,29,393.34
AMD,13,551.79
MA,42,431.73
EFA,18,270.18
KO,11,222.86
LIN,10,363.11
MSFT,49,173.55
GOOGL,27,152.55
PEP,24,301.75
LULU,7,104.77
AMZN,21,72.2
PFE,33,398.22
CSCO,28,172.19
ADBE,37,171.86
CRM,38,151.29
V,31,89.73
JNJ,13,296.6
ABNB,56,85.35
AVGO,20,389.82
SQ,13,354.63
TLT,39,601.09
LULU,13,88.74
HD,28,358.79
MA,21,388.32
HD,45,361.77
NVDA,12,396.05
IVV,55,459.28
AMAT,25,516.86
NFLX,13,314.89
IVV,5,499.54
TLT,8,575.47
JNJ,19,316.08
VZ,15,54.53
BP,66,113.69
PYPL,59,402.41
V,10,76.78
XOM,79,199.86
NKE,10,280.21
VOO,31,152.36
WMT,28,200.22
NKE,53,277.96
WMT,35,238.23
IWM,84,291.67
AAPL,10,180.94
LIN,105,311.81
COST,19,448.38
NKE,23,217.5
LIN,53,453.88
PFE,28,389.27
TLT,8,502.61
SHOP,53,31.29
MA,24,403.09
META,11,162.47
AMD,46,390.84
CSCO,74,236.87
PYPL,65,324.44
KO,9,178.04
VOO,34,208.69
CRM,40,130.33
EFA,11,409.65
WMT,12,272.94
NKE,20,293.62
TXN,39,105.6
KO,17,173.86
PG,33,388.36
NFLX,16,307.52
TXN,25,79.94
T,33,215.03
TSLA,10,355.88
JNJ,6,271.57
NFLX,14,387.3
SQ,16,317.51
CSCO,32,225.09
SQ,23,266.29
PFE,67,531.33
EFA,7,313.1
PFE,20,386.1
MSFT,34,186.46
LLY,111,200.6
IWM,28,327.63
INTC,53,378.45
BAC,13,470.77
AAPL,44,174.54
SQ,8,280.93
AMAT,23,480.24
TLT,97,406.44
VNQ,34,201.23
SLV,120,105.8
AMZN,34,70.6
BP,28,160.16
SPY,33,185.67
SLV,39,112.88
VZ,20,70.35
LLY,15,167.03
LIN,98,319.59
LIN,16,348.78
PFE,44,447.53
VNQ,9,159.82
COST,16,423.08
XOM,33,236.75
SPY,7,300.77
COST,29,497.99
CSCO,33,250.89
XOM,34,261.86
VOO,35,169.66
PG,120,425.85
IVV,36,382.77
WMT,9,236.34
TLT,27,451.59
BND,27,303.85
GLD,39,53.72
VNQ,22,154.23
IWM,18,277.2
TLT,17,414.09
LLY,22,163.71
JPM,3,487.97
VOO,52,163.93
TSLA,24,383.5
LIN,80,435.87
VOO,27,192.77
QQQ,27,282.77
GOOGL,18,139.29
KO,17,176.52
LULU,23,92.06
AMD,25,418.77
GOOGL,14,115.98
PYPL,48,289.0
ADBE,55,193.52
GLD,19,42.8
JPM,19,388.5
NVDA,12,319.58
BP,71,175.01
PFE,12,352.93
PEP,19,218.73
SLV,34,104.06
AVGO,35,477.71
HD,43,331.04
PG,21,368.33
JPM,56,362.05
LULU,25,93.53
SHOP,17,24.73
ASML,30,495.39
ADBE,34,155.3
ABNB,57,65.14
ORCL,81,140.99
BP,33,171.33
BAC,14,490.15
LLY,60,128.83
MA,34,303.98
WMT,12,272.96
BP,16,139.25
MRK,21,28.56
T,6,212.94
COST,69,522.24
PFE,22,371.72
SLV,106,132.48
AMAT,39,437.39
DIS,23,116.59
COST,30,501.4
BRK.B,45,190.44
NKE,64,255.82
META,39,173.67
V,11,87.78
BND,16,207.19
XOM,31,293.38
AMAT,6,482.76
TLT,38,494.72
GLD,22,52.54
TLT,28,443.25
INTC,5,464.11
TXN,47,108.03
COST,28,482.09
UBER,28,385.04
ADBE,19,192.04
NVDA,30,348.57
LULU,10,96.16
INTC,13,374.83
AAPL,13,149.71
WMT,108,264.8
SHOP,94,25.26
BRK.B,25,184.77
NKE,15,219.4
ADBE,58,158.03
TLT,51,522.86
SLV,123,91.46
TLT,59,554.59
WMT,12,255.91
PYPL,31,376.16
NFLX,13,286.68
MRK,103,22.88
VOO,42,155.39
ADBE,14,187.46
TSLA,9,424.01
TLT,25,494.04
XOM,21,236.15
T,39,265.16
MSFT,12,197.35
IVV,56,500.53
ASML,9,520.09
UBER,6,349.32
PEP,92,198.95
BP,13,176.94
IVV,8,417.68
XOM,37,208.28
QQQ,20,366.88
META,32,152.41
VOO,19,179.3
MRK,22,24.14
NKE,17,241.16
BP,12,161.4
EFA,13,309.24
KO,29,185.91
QQQ,42,319.38
AVGO,32,413.3
BRK.B,33,197.05
JPM,27,408.63
GOOGL,24,102.79
GOOGL,27,173.53
KO,19,165.44
VZ,31,58.6
BRK.B,56,185.71
TSLA,40,477.86
JNJ,22,337.5
ASML,50,551.28
SHOP,11,32.51
JPM,23,394.94
NFLX,25,308.1
NKE,56,244.08
ADBE,11,158.08
IWM,27,334.7
SLV,37,99.85
EFA,139,368.3
SHOP,59,29.06
AVGO,35,426.73
PYPL,57,435.79
SLV,45,107.0
GLD,16,64.72
V,47,85.8
ASML,51,586.03
AVGO,12,348.75
QQQ,22,349.23
TSLA,16,518.65
LLY,33,176.35
VZ,8,47.56
IVV,29,336.33
AVGO,49,380.32
BAC,237,595.57
GOOGL,21,135.37
EFA,49,429.92
ADBE,7,130.35
UNH,15,411.71
AMD,34,541.44
AMD,10,346.47
JNJ,44,292.09
TXN,5,109.23
ADBE,42,163.49
TSLA,17,437.71
TLT,18,408.66
ADBE,14,176.3
SHOP,30,30.2
LIN,12,347.31
QQQ,5,344.01
CSCO,66,182.4
AMZN,16,68.69
INTC,58,384.09
BAC,15,356.2
PG,26,479.09
BRK.B,29,218.14
TXN,30,107.22
MRK,13,25.14
NKE,28,247.08
NVDA,12,393.92
IWM,39,272.33
UNH,49,361.82
QQQ,14,306.1
VOO,7,181.39
SPY,6,227.4
MSFT,5,202.21
AMZN,22,63.49
LULU,11,79.88
DIS,33,111.03
JNJ,30,289.87
JPM,27,452.75
LULU,36,88.36
SQ,29,301.9
UNH,24,369.76
META,21,151.44
LLY,12,154.12
BND,9,206.19
UBER,10,354.01
UNH,13,408.52
PYPL,25,295.37
UNH,38,422.24
MRK,12,24.03
AMAT,13,490.32
XOM,10,176.93
DIS,18,117.11
VNQ,18,146.46
V,18,91.01
LULU,23,95.0
LIN,15,404.96
SPY,10,282.33
AAPL,56,181.59
BAC,21,436.83
TXN,50,89.03
V,12,83.95
JPM,58,409.36
SHOP,12,28.5
WMT,15,208.87
COST,48,356.75
HD,75,366.05
BRK.B,52,206.57
IWM,22,241.52
AMAT,16,513.35
MSFT,60,177.17
JPM,18,384.41
AAPL,9,183.86
CSCO,14,216.4
LULU,17,84.15
LULU,24,90.55
JNJ,18,295.97
PYPL,30,463.46
PEP,27,251.31
MSFT,9,208.19
HD,11,273.95
WMT,14,260.98
AMZN,47,68.01
JPM,8,382.3
SLV,30,113.54
AVGO,6,346.26
ABNB,23,77.49
BRK.B,5,214.46
SLV,27,122.54
META,39,158.0
T,14,187.89
AMD,18,537.51
VNQ,65,185.28
ADBE,33,173.48
ORCL,16,175.62
PYPL,78,342.98
TSLA,75,429.0
AMD,62,398.83
ORCL,36,162.63
XOM,9,231.35
IVV,49,406.17
GOOGL,8,135.61
GLD,23,66.34
LULU,47,92.3
BP,89,166.44
AMAT,19,390.92
IWM,20,279.91
ABNB,48,76.84
KO,10,185.03
NKE,39,291.77
QQQ,45,367.55
MSFT,25,213.84
AMZN,58,55.51
T,19,221.09
TXN,31,123.21
INTC,16,289.49
CRM,18,148.95
TLT,35,512.57
TSLA,20,377.75
VZ,35,50.83
EEM,113,172.15
BP,16,150.19
AMD,22,466.05
META,53,150.98
LIN,14,435.58
NVDA,25,372.07
PEP,16,234.26
SPY,30,206.24
V,100,101.81
META,18,128.15
JPM,31,395.59
BAC,31,477.12
IVV,34,530.5
VOO,36,150.06
PYPL,63,462.86
UBER,222,300.53
EEM,29,120.86
PEP,36,209.71
NFLX,94,284.59
SPY,7,251.64
ABNB,6,79.36
PFE,5,438.13
NKE,5,237.08
ORCL,77,186.12
SPY,13,265.72
CRM,24,141.85
TSLA,9,477.97
LULU,3,85.93
EFA,17,384.09
BRK.B,24,181.83
TXN,12,109.92
QQQ,23,313.39
QQQ,17,364.94
ASML,17,493.76
VNQ,112,141.55
UBER,6,380.02
GLD,15,59.86
AMAT,14,469.53
UNH,75,421.84
CRM,44,111.43
AMD,10,316.36
ASML,13,556.33
XOM,35,219.45
AVGO,24,355.63
DIS,28,129.81
MRK,7,23.7
NKE,47,234.28
INTC,40,543.02
AVGO,22,405.98
GLD,14,63.59
TSLA,33,456.67
PEP,12,230.04
CRM,68,141.47
PEP,48,218.1
IWM,41,301.45
WMT,12,237.05
ADBE,12,153.32
V,28,91.3
TLT,10,549.18
SHEL,36,369.83
T,8,239.44
META,17,149.69
NVDA,19,258.58
LLY,18,169.08
NVDA,38,312.1
NVDA,79,262.5
CRM,61,130.63
TSLA,44,450.51
SLV,54,106.03
SLV,11,130.16
ADBE,22,170.33
COST,58,374.16
JPM,37,363.81
UBER,22,350.37
AMZN,8,59.9
PYPL,63,427.84
UBER,23,357.49
UBER,19,403.91
DIS,21,122.19
IWM,54,264.47
BRK.B,73,178.55
AVGO,76,370.34
CSCO,20,171.34
AMAT,17,424.17
IWM,16,286.87
BND,47,261.56
CRM,30,116.59
AMAT,13,589.25
BP,14,194.29
GLD,20,62.26
AMZN,51,76.17
PFE,22,416.3
SPY,23,277.54
KO,45,181.37
CSCO,37,265.17
TSLA,32,462.93
SQ,8,212.74
ORCL,32,176.37
UNH,17,396.05
V,23,100.09
IWM,26,265.54
T,49,237.33
XOM,35,212.52
TXN,15,108.44
TSLA,24,471.93
CSCO,20,172.77
TXN,18,117.59
UBER,19,337.09
ADBE,48,151.74
BRK.B,8,214.5
BND,17,225.61
BAC,21,493.91
SQ,24,322.33
XOM,87,216.16
COST,29,400.95
CRM,13,124.82
TXN,17,111.99
UBER,127,317.51
VNQ,18,169.43
MRK,32,23.6
IVV,60,320.39
IVV,4,425.1
TLT,52,395.93
QQQ,2,359.88
UBER,29,301.92
MSFT,12,180.54
SPY,26,246.67
SHEL,34,265.61
IWM,13,252.27
LLY,20,164.19
EFA,42,277.31
BAC,25,497.65
MSFT,89,192.51
HD,30,260.89
BAC,4,513.68
EFA,24,407.44
BND,9,271.12
KO,90,190.41
BP,29,162.25
DIS,8,138.22
CSCO,15,235.02
AAPL,8,147.38
HD,66,319.08
AMAT,67,480.09
V,6,97.6
SQ,16,336.95
IWM,24,237.67
INTC,27,512.9
META,34,146.66
V,52,90.39
SLV,28,96.63
VOO,28,193.01
MSFT,13,239.25
NVDA,23,304.35
SLV,49,107.37
ABNB,41,70.25
UNH,23,407.59
NFLX,30,238.63
AVGO,11,430.92
NKE,22,231.06
DIS,9,103.48
MA,5,428.49
ADBE,16,146.67
KO,23,189.2
GLD,106,50.95
PEP,55,250.69
VNQ,14,174.88
SQ,17,317.81
SPY,70,286.1
NVDA,35,323.05
ASML,8,486.56
AMZN,57,53.97
V,11,89.5
MA,12,392.51
BND,18,213.38
IVV,12,490.15
AMZN,9,53.41
TLT,15,530.34
NVDA,21,321.65
BAC,25,368.7
AMD,34,501.92
IWM,18,326.89
CRM,11,152.41
VZ,27,54.2
SPY,24,263.29
AMD,57,417.84
AVGO,14,435.89
BAC,16,516.8
UNH,80,366.25
BND,39,219.87
ORCL,41,182.67
BRK.B,34,201.78
CSCO,7,234.98
CRM,5,129.13
BRK.B,47,223.76
PFE,95,490.35
TLT,15,489.12
TLT,23,394.96
PYPL,12,360.7
VZ,5,56.8
ABNB,20,58.19
IWM,32,316.74
KO,28,174.23
GOOGL,37,148.31
XOM,30,203.13
INTC,29,464.15
SPY,16,333.87
AMZN,16,66.34
AAPL,15,176.28
UNH,7,359.59
KO,11,184.22
UNH,49,414.63
VNQ,4,212.55
JPM,30,355.04
BND,27,260.6
WMT,15,233.74
PFE,16,415.45
PEP,15,185.89
BRK.B,27,234.08
AAPL,35,188.57
VZ,30,52.87
SLV,44,93.09
CRM,13,118.71
HD,52,370.63
JPM,34,441.88
NFLX,13,326.89
SHOP,22,32.61
EEM,22,153.68
XOM,35,249.14
ORCL,15,177.09
UBER,11,243.23
LLY,28,188.35
IWM,29,223.44
COST,19,313.36
CSCO,63,192.72
META,59,164.44
INTC,13,350.74
AMAT,31,435.54
SLV,26,104.76
GOOGL,7,100.42
CRM,28,125.19
MSFT,16,221.38
NKE,55,238.5
BP,19,171.81
META,9,151.63
AMAT,36,524.2
PEP,6,203.97
SQ,13,314.61
CRM,34,158.35
SQ,17,292.32
INTC,54,420.37
EEM,59,166.7
VOO,10,144.22
AVGO,8,418.48
PFE,56,533.54
BRK.B,44,249.24
INTC,16,349.59
MSFT,44,214.56
PEP,26,234.91
MA,30,500.58
COST,60,454.93
IVV,44,479.88
NKE,17,268.94
LLY,9,197.72
EFA,10,369.2
BP,13,172.84
ADBE,23,134.17
NVDA,32,317.02
CRM,45,134.26
TXN,32,95.02
TSLA,16,421.68
JNJ,44,389.6
CRM,13,151.59
PYPL,5,331.3
INTC,12,340.04
ABNB,8,76.41
NVDA,21,356.15
INTC,39,418.86
AMAT,38,480.6
KO,10,204.29
SLV,16,98.72
DIS,21,105.86
XOM,18,234.75
DIS,31,106.07
VNQ,17,192.73
MA,34,541.77
META,56,167.96
ORCL,9,194.75
VOO,23,160.33
BRK.B,27,243.53
ABNB,34,65.13
ORCL,41,164.75
PG,28,370.79
LIN,21,387.69
VNQ,11,210.57
CSCO,6,205.71
CSCO,31,237.14
GLD,22,61.81
MRK,32,22.25
QQQ,65,370.72
MRK,45,20.23
V,23,84.98
JNJ,12,338.34
TSLA,16,481.34
V,11,106.35
WMT,13,234.33
PG,42,358.45
HD,44,283.85
SPY,67,267.17
V,16,84.99
BND,43,237.3
BND,14,248.42
QQQ,10,410.38
META,16,162.42
HD,28,293.62
VNQ,24,186.78
VOO,21,196.26
VZ,50,62.71
NKE,17,214.61
BND,15,261.21
SQ,35,229.87
BND,24,260.04
PYPL,20,446.64
AMD,32,555.28
TLT,21,542.36
SHEL,77,467.59
ASML,11,483.85
SQ,19,329.13
QQQ,39,302.9
VOO,25,130.07
IVV,67,424.21
PEP,25,216.14
AMAT,54,319.62
VOO,24,169.5
PEP,17,270.98
V,13,96.32
AMD,31,552.48
META,15,134.69
T,52,256.12
AMD,8,448.79
VOO,32,188.94
KO,15,117.88
LULU,35,79.35
BAC,5,307.88
PYPL,43,392.69
AMZN,20,77.09
CSCO,38,264.58
ORCL,9,177.66
META,7,143.61
KO,20,194.91
NKE,25,265.0
AMD,40,603.92
GOOGL,19,121.64
AMZN,29,59.72
ADBE,69,160.28
LLY,16,165.59
PFE,40,428.37
META,15,177.19
QQQ,13,338.24
AMAT,38,389.77
TXN,34,93.77
NVDA,43,301.29
IVV,39,511.98
SPY,44,274.76
ORCL,20,166.06
NFLX,68,287.42
NKE,11,266.25
PYPL,14,342.63
UBER,8,327.23
LULU,23,95.67
SLV,47,118.23
LIN,21,346.6
GOOGL,35,158.06
AMD,26,452.83
BP,12,133.97
COST,39,456.66
SQ,36,306.08
QQQ,65,317.23
PG,47,383.01
PEP,16,240.44
SPY,32,278.15
T,25,242.57
ORCL,130,203.75
V,40,89.34
AMZN,49,70.19
AMD,24,462.36
TSLA,23,276.47
COST,28,402.01
LIN,74,355.86
LLY,10,174.47
DIS,11,125.63
EEM,30,179.64
NVDA,14,342.03
ORCL,9,193.42
QQQ,35,356.84
HD,24,349.53
GOOGL,75,132.43
JNJ,27,282.05
EEM,13,163.01
AMD,53,465.08
AMD,20,456.41
ABNB,16,75.38
ABNB,8,83.99
IVV,15,491.16
MA,10,468.57
ADBE,39,173.57
ADBE,12,170.89
BP,10,157.16
PFE,50,478.38
NFLX,24,277.06
AVGO,38,388.58
VNQ,4,186.75
DIS,24,136.03
TLT,11,301.68
SPY,29,276.05
AMZN,7,58.32
LULU,168,89.55
VOO,40,158.28
QQQ,5,329.92
DIS,20,113.18
META,22,152.36
DIS,22,100.85
TSLA,34,341.85
UBER,5,378.17
TLT,34,484.16
NFLX,9,287.11
PFE,20,353.02
WMT,14,246.19
GLD,66,59.11
TXN,41,82.7
IWM,38,263.54
BP,30,157.26
SPY,61,238.73
AMAT,38,468.38
V,21,86.21
DIS,13,118.68
NVDA,23,350.5
PYPL,26,423.75
IWM,46,254.91
V,45,75.61
BP,37,174.13
CSCO,6,224.07
KO,17,164.77
QQQ,63,310.38
EFA,13,360.2
IWM,39,286.72
INTC,55,431.78
JPM,5,366.64
SPY,16,282.06
EEM,3,210.4
NVDA,35,346.73
KO,56,232.26
UBER,45,386.91
NFLX,26,308.43
QQQ,17,303.41
LULU,15,77.89
DIS,23,94.85
MRK,28,22.78
JPM,27,366.99
IWM,211,339.29
EFA,10,366.93
LLY,16,154.15
SLV,9,116.97
TLT,15,544.14
BP,49,188.8
ABNB,13,76.95
NVDA,38,321.26
QQQ,14,401.85
IWM,28,313.94
CRM,13,114.6
ORCL,16,175.74
ADBE,11,165.72
MSFT,7,176.86
ADBE,39,177.94
KO,18,159.14
HD,11,318.05
UNH,38,427.66
DIS,17,102.42
VNQ,29,153.85
VZ,17,65.46
PG,43,392.09
XOM,10,231.16
JPM,51,373.87
V,63,101.84
META,78,153.09
PFE,37,510.74
TXN,33,100.9
LULU,17,95.62
TSLA,9,438.57
ORCL,52,131.49
VNQ,71,193.71
SHOP,17,31.53
LLY,24,201.43
SLV,48,92.52
ASML,37,486.73
ABNB,25,66.44
GOOGL,83,154.23
IWM,14,244.97
DIS,18,125.08
ASML,29,574.08
VNQ,42,190.58
IVV,30,376.64
JPM,21,441.33
SPY,23,282.82
NFLX,19,274.99
V,22,91.43
MA,15,421.49
HD,12,377.68
LLY,19,206.12
EFA,71,353.49
VNQ,12,127.99
IVV,8,377.48
COST,64,432.98
LIN,32,260.44
MA,10,479.93
GLD,29,61.14
AMD,36,574.03
GOOGL,21,138.26
AVGO,28,498.96
ADBE,5,179.52
TLT,22,520.68
GLD,15,61.87
JNJ,40,445.47
AMD,43,431.01
IVV,18,427.41
PFE,6,419.34
BND,40,216.18
SLV,51,117.71
LULU,14,91.38
AMD,75,522.08
XOM,24,219.01
SHOP,25,27.78
JNJ,5,403.8
KO,27,189.94
COST,23,389.37
LULU,21,75.12
T,120,207.58
LIN,11,336.28
LLY,60,175.83
PG,10,442.72
ADBE,40,176.64
TLT,40,627.6
SQ,113,285.26
AMD,76,501.9
NKE,34,196.49
VNQ,21,154.07
PFE,43,492.76
VNQ,5,170.27
NFLX,53,306.73
ORCL,40,185.92
ABNB,31,70.43
AVGO,10,335.5
MA,40,434.77
MRK,22,21.72
PG,19,433.14
COST,19,358.32
SPY,41,260.16
JPM,25,467.05
AMAT,24,501.46
WMT,10,222.3
AMZN,37,53.75
QQQ,28,340.87
T,25,274.01
AMAT,31,570.6
ADBE,12,168.63
UBER,26,302.79
SHEL,47,516.7
TSLA,24,473.28
EEM,26,147.32
TXN,6,98.27
ABNB,9,87.69
TXN,22,102.9
BRK.B,45,189.28
PFE,14,440.21
NVDA,50,361.15
BND,29,257.59
MA,32,444.26
BAC,11,468.98
AMD,11,484.51
LIN,17,463.23
ORCL,23,148.34
V,22,93.65
LLY,79,163.1
CRM,8,147.4
NVDA,9,322.81
BP,20,160.73
XOM,39,206.95
MRK,20,22.84
AMD,27,485.47
ASML,33,549.57
CSCO,32,233.66
SHEL,8,406.44
MSFT,34,222.19
AVGO,15,357.02
AMZN,16,70.33
INTC,50,386.07
ORCL,46,181.04
ADBE,22,161.71
JNJ,41,336.99
NFLX,120,281.67
NVDA,35,319.01
ADBE,13,165.7
XOM,27,304.38
MSFT,21,176.61
PEP,29,168.59
SHEL,23,404.78
TSLA,42,498.38
LLY,17,172.35
EEM,14,139.31
QQQ,30,285.33
DIS,18,104.68
LULU,36,113.06
V,9,68.56
JPM,22,392.26
GOOGL,28,129.78
PFE,21,455.9
BP,50,124.06
LLY,18,180.02
T,12,294.3
EFA,15,355.19
LLY,36,163.07
JPM,6,371.38
BND,50,244.88
EEM,13,179.02
T,19,228.76
AMD,27,524.22
IVV,129,496.87
AAPL,55,161.26
LIN,11,357.7
NVDA,26,296.55
MSFT,21,214.11
WMT,31,242.14
UNH,30,361.39
LLY,17,150.27
V,85,88.3
UBER,20,308.64
GLD,191,54.22
SPY,18,280.03
ABNB,37,81.17
CRM,86,142.39
BRK.B,11,211.98
VNQ,30,213.09
PFE,9,499.65
JNJ,27,356.93
KO,22,162.95
BRK.B,41,235.9
AMZN,48,65.97
JNJ,16,263.65
AVGO,43,407.4
VOO,12,160.58
LULU,17,76.42
IVV,13,390.5
NKE,18,224.7
META,7,183.52
BRK.B,58,198.27
LLY,29,184.31
LIN,56,320.16
VZ,52,52.77
SPY,9,289.9
SHOP,60,38.79
MSFT,10,221.46
VOO,18,187.82
ORCL,8,151.37
SQ,14,313.83
JNJ,15,349.97
EEM,50,172.71
V,76,92.56
PFE,10,508.08
CRM,16,148.91
AAPL,73,181.09
IVV,8,402.2
CSCO,61,217.1
JNJ,25,353.85
SQ,39,321.28
AVGO,21,373.13
HD,44,355.08
IWM,20,329.56
IWM,22,261.87
NVDA,14,300.63
ABNB,20,83.58
ADBE,13,169.67
META,15,143.07
ABNB,8,70.87
SHOP,21,31.52
ORCL,28,152.74
LULU,52,95.31
ORCL,28,178.2
UBER,17,356.44
MSFT,34,161.49
NFLX,16,304.16
AMAT,29,554.04
T,14,229.12
GOOGL,17,123.93
VOO,19,187.56
NFLX,11,329.87
ADBE,7,154.74
WMT,19,274.21
SLV,20,81.83
MSFT,6,205.15
CSCO,37,231.58
LULU,27,105.93
META,16,163.54
CSCO,7,197.54
JNJ,6,313.62
GLD,23,63.09
IWM,25,259.21
VOO,21,140.83
TSLA,63,429.98
VNQ,17,203.27
PYPL,10,334.49
SLV,11,110.29
BND,33,277.85
DIS,148,86.79
JPM,37,365.34
GOOGL,16,126.92
CSCO,12,266.39
SHOP,44,29.68
DIS,63,97.3
MRK,9,16.9
QQQ,15,343.34
HD,26,338.93
LLY,9,192.44
VNQ,29,185.74
TLT,6,505.74
NKE,10,234.8
EFA,35,360.86
T,13,243.86
VOO,8,195.38
HD,21,377.65
COST,16,400.21
JPM,14,432.68
META,14,159.1
EEM,18,122.92
VNQ,16,146.56
NKE,25,211.34
GOOGL,46,135.62
PFE,21,471.01
PG,48,383.87
GOOGL,14,107.93
LULU,15,86.07
PG,26,368.86
ASML,39,462.33
GOOGL,23,156.6
PEP,31,222.86
SHEL,16,373.3
KO,13,169.51
ORCL,41,173.65
INTC,9,492.05
MRK,30,19.02
SHOP,18,29.99
T,80,211.28
WMT,48,266.66
GOOGL,15,132.55
BND,11,248.97
QQQ,23,363.46
PG,52,350.26
PFE,6,435.53
CSCO,30,228.23
AMAT,19,491.9
VNQ,70,178.54
AMZN,18,62.11
AMAT,21,579.83
QQQ,21,336.0
DIS,17,134.56
BAC,96,491.62
BRK.B,25,219.69
COST,4,465.23
ADBE,26,174.45
CRM,14,128.05
ASML,18,560.22
INTC,18,507.37
SLV,33,94.18
AMD,22,442.32
LIN,5,423.19
NFLX,40,333.84
DIS,27,99.16
HD,17,366.59
VZ,11,39.32
EFA,20,350.89
VZ,26,61.42
ADBE,38,171.07
SHEL,56,330.36
COST,34,459.15
ABNB,10,59.67
BAC,14,429.37
COST,41,395.55
NVDA,13,315.64
GLD,53,62.34
CRM,21,132.47
NVDA,60,310.02
CRM,61,137.63
SPY,21,346.76
MRK,11,21.91
HD,10,371.02
SHOP,80,35.53
PFE,57,426.29
PEP,18,179.46
TSLA,102,471.35
NVDA,17,394.93
PEP,12,235.43
IWM,21,314.03
PFE,23,360.62
KO,25,204.1
AMD,24,524.47
SPY,11,265.88
EEM,15,175.56
CRM,25,145.36
MA,52,469.76
EFA,29,314.2
AMD,24,449.14
CSCO,19,211.64
AMD,12,367.13
GOOGL,15,140.3
GLD,9,62.36
AMAT,92,544.14
BP,77,169.69
CSCO,55,202.35
IVV,15,303.43
CRM,56,159.05
BAC,16,452.19
VOO,14,179.56
LULU,53,73.52
AMZN,32,63.89
META,26,155.81
IWM,21,288.05
VOO,21,191.67
INTC,32,416.66
ADBE,10,158.38
ORCL,46,179.21
COST,38,517.56
SLV,50,112.44
TLT,17,338.13
MA,21,416.79
MSFT,32,200.55
V,19,69.34
TXN,12,113.5
SPY,81,263.6
TLT,30,543.24
LULU,13,97.05
AMD,14,529.64
GOOGL,27,142.03
JPM,14,424.74
META,105,129.82
JNJ,19,333.33
VNQ,42,159.26
QQQ,3,391.73
ADBE,41,131.22
ADBE,16,197.14
NFLX,67,349.1
SQ,21,313.98
GOOGL,22,155.68
SPY,13,240.93
V,49,87.69
TLT,64,448.23
AMD,23,426.73
ADBE,24,136.48
ADBE,17,137.32
AMD,39,521.1
BND,7,296.05
META,140,148.5
SQ,15,416.24
JPM,9,392.46
ABNB,27,84.55
ADBE,31,155.99
INTC,12,389.27
PEP,12,225.77
QQQ,16,276.42
BAC,59,438.55
JNJ,10,317.77
BRK.B,25,172.88
MSFT,30,178.65
SLV,81,118.19
HD,18,303.19
VZ,22,60.63
ABNB,24,70.9
NFLX,25,291.02
BP,19,121.51
UBER,48,359.81
BRK.B,14,268.55
WMT,26,199.93
VNQ,44,178.87
WMT,32,216.65
EEM,33,156.06
AMD,36,370.15
UNH,18,464.32
IVV,14,419.25
PFE,17,372.99
EFA,5,347.08
BP,26,161.06
VZ,22,56.77
PG,50,376.01
BRK.B,16,211.34
JPM,36,457.86
TXN,15,108.63
META,31,130.09
AMD,24,395.45
HD,7,347.61
LIN,18,363.66
EEM,24,142.24
AMD,23,408.84
NVDA,64,285.21
COST,21,373.63
TLT,36,468.13
TXN,17,118.35
PEP,25,238.4
IWM,12,242.51
CSCO,26,213.12
EEM,38,159.58
META,28,118.91
UBER,92,340.51
SHOP,39,26.63
PFE,30,368.38
LIN,33,339.87
KO,25,196.46
TXN,10,98.54
MA,33,542.97
EEM,22,172.55
EEM,22,198.67
SHEL,7,408.59
EFA,7,249.59
VOO,30,174.55
HD,20,328.72
LULU,214,90.08
ADBE,35,152.99
ORCL,30,173.3
XOM,18,274.65
BRK.B,55,222.31
PG,4,368.13
LULU,162,90.39
JPM,53,459.27
JNJ,28,291.56
LULU,4,100.59
VZ,13,57.67
MSFT,10,197.82
ADBE,25,171.27
UBER,11,397.25
SQ,16,248.41
ADBE,22,166.6
NKE,27,286.86
COST,20,420.91
UBER,11,381.56
JPM,27,371.79
IVV,6,530.34
ASML,10,463.63
NVDA,31,291.73
META,8,110.04
KO,40,169.42
INTC,190,357.48
EEM,12,150.19
GLD,29,58.73
T,37,215.06
ABNB,9,57.09
AVGO,5,363.58
VNQ,19,157.78
AVGO,58,444.81
MRK,19,17.95
SQ,16,288.5
META,15,135.32
JPM,15,373.36
PEP,15,230.09
QQQ,31,300.0
META,59,130.31
AMD,7,501.77
NKE,13,256.07
TLT,4,568.98
ABNB,39,59.69
CSCO,8,266.07
JPM,14,352.33
ASML,5,478.03
LLY,20,190.59
VNQ,9,139.57
UBER,33,389.32
VOO,8,193.96
PYPL,25,437.39
HD,23,232.18
VNQ,22,192.44
JPM,13,373.29
CRM,21,87.53
ORCL,79,159.1
BP,34,160.39
AMAT,59,508.25
AMZN,20,58.99
LLY,42,136.06
BRK.B,38,189.87
ABNB,58,74.21
V,38,89.03
KO,7,162.56
MA,39,442.43
MA,56,454.75
PEP,12,203.04
SHEL,26,291.82
EEM,79,169.66
XOM,57,182.68
CSCO,58,280.94
ABNB,9,79.54
LIN,24,289.24
PFE,34,480.32
TXN,16,122.38
NVDA,7,279.54
WMT,26,229.02
PG,14,422.18
VOO,35,189.36
UBER,22,372.48
BAC,17,581.35
JPM,13,490.43
VOO,25,143.34
KO,63,184.02
IVV,44,518.38
SHOP,31,27.5
NVDA,48,340.67
ORCL,39,132.29
QQQ,33,310.99
MA,78,466.19
PYPL,29,409.29
PYPL,12,462.05
V,98,92.32
MA,74,404.14
IWM,14,293.11
IVV,33,430.63
GLD,35,64.53
LIN,12,377.14
SPY,44,272.21
DIS,54,101.51
LLY,34,150.87
SHEL,11,373.41
SQ,12,290.44
GOOGL,21,150.89
MRK,19,18.53
AMAT,54,435.96
MSFT,23,215.27
NVDA,28,385.37
GOOGL,34,122.95
QQQ,112,344.65
VNQ,22,190.47
SQ,29,325.77
WMT,140,220.78
QQQ,19,341.51
UNH,51,315.23
VNQ,6,158.69
SQ,7,295.03
AVGO,34,346.24
IVV,9,455.76
VOO,44,136.76
MSFT,43,224.36
VZ,47,64.74
ASML,114,477.72
VOO,26,163.1
SHOP,24,35.04
PFE,9,391.52
QQQ,64,378.03
KO,19,199.87
T,31,287.55
JNJ,25,364.24
COST,155,457.69
COST,25,464.06
TLT,18,627.22
INTC,27,392.63
KO,13,205.15
NKE,45,231.84
META,36,120.95
EFA,27,376.35
AMZN,81,59.97
MA,10,387.15
AMD,9,556.81
AVGO,72,402.58
T,57,247.6
NKE,22,236.71
UNH,19,313.33
DIS,29,118.3
SPY,41,269.71
V,21,78.94
PEP,25,244.37
AMAT,11,489.73
EEM,28,147.24
PEP,16,230.69
GLD,11,64.85
AMAT,13,546.45
CSCO,126,198.71
INTC,35,370.52
JPM,50,332.08
BND,34,228.47
ADBE,21,145.39
ORCL,43,160.48
UBER,36,333.02
TSLA,22,454.15
PEP,14,230.15
JNJ,71,294.04
NKE,55,290.88
BRK.B,13,180.53
BAC,30,435.76
AMD,90,481.84
JNJ,13,279.67
V,52,82.12
TSLA,25,497.42
AMZN,17,65.72
PFE,24,472.44
NFLX,37,305.47
AMAT,25,463.02
IVV,8,465.97
AVGO,92,346.57
JNJ,14,290.43
AMAT,40,510.72
LIN,21,315.93
MA,26,352.32
MRK,27,25.27
PEP,10,183.2
SHEL,74,374.34
SQ,54,305.14
GLD,21,65.51
PEP,13,228.05
PG,18,323.82
BND,31,247.14
MA,21,370.77
VZ,74,62.42
ORCL,48,171.86
NKE,7,304.34
VZ,23,51.4
ASML,32,568.93
KO,24,209.09
VZ,52,49.18
MSFT,15,227.8
NVDA,3,334.53
INTC,9,382.71
ORCL,19,170.73
NKE,16,214.1
JNJ,122,397.0
UNH,10,457.86
PYPL,18,392.72
CSCO,23,204.06
AMZN,48,67.08
AMZN,17,55.74
PFE,13,350.64
VZ,24,48.37
SPY,20,310.57
ASML,56,497.11
LLY,23,215.11
QQQ,35,323.55
TLT,9,510.56
T,43,225.21
PFE,30,417.59
SHOP,21,20.76
AAPL,21,191.65
TXN,15,108.04
TSLA,14,465.54
CRM,21,119.11
JPM,62,435.16
ASML,16,528.85
WMT,35,245.92
GLD,7,69.76
ADBE,16,158.8
BND,155,264.44
INTC,18,298.5
ADBE,64,139.14
GOOGL,12,131.67
INTC,66,443.58
AMZN,21,68.52
SQ,16,316.09
UBER,25,387.74
PG,48,407.61
ADBE,19,180.69
UBER,23,302.26
PFE,18,441.07
META,46,144.43
NFLX,10,315.9
ORCL,26,182.38
AMD,46,538.51
BND,16,236.33
UBER,11,376.49
BAC,67,448.77
MRK,20,26.91
IVV,34,475.66
TLT,10,527.23
IVV,12,390.49
BRK.B,19,203.35
JPM,21,323.82
TSLA,47,506.63
INTC,6,453.58
ADBE,13,182.98
LULU,23,93.28
DIS,21,136.17
UBER,10,372.7
ADBE,53,180.18
BND,124,239.0
V,47,87.04
PG,58,384.44
SPY,18,308.52
ORCL,17,148.16
INTC,17,436.07
ORCL,65,180.78
GOOGL,61,114.77
GOOGL,17,132.37
GOOGL,22,138.5
JPM,39,370.62
EEM,27,160.25
DIS,12,117.26
COST,22,418.58
T,25,245.89
ABNB,18,83.92
NKE,10,225.23
V,171,77.18
SPY,9,290.23
LIN,5,345.02
ORCL,110,145.33
JPM,6,321.08
PEP,46,254.78
SHEL,17,437.12
IVV,64,548.95
PEP,20,162.48
MA,13,411.54
INTC,20,396.77
IVV,53,521.12
SLV,21,125.86
LLY,31,176.88
KO,46,182.85
PYPL,103,319.97
DIS,17,117.08
ORCL,33,205.54
LLY,24,145.56
ORCL,44,194.56
SHOP,6,29.59
VZ,8,51.98
EEM,13,176.77
SQ,26,262.92
KO,45,150.09
T,30,219.88
MRK,18,24.26
MSFT,35,237.1
ADBE,23,172.02
DIS,18,121.48
TLT,33,481.77
BRK.B,6,227.42
AVGO,31,356.04
PYPL,9,455.21
KO,34,176.3
LULU,11,83.79
LIN,61,360.91
GLD,16,66.05
AMAT,13,571.92
EFA,63,336.97
VOO,15,117.74
MSFT,8,171.48
SPY,26,256.28
T,9,235.46
WMT,34,242.78
QQQ,6,331.62
LULU,9,103.02
VNQ,42,152.32
PYPL,14,365.31
SQ,5,323.41
XOM,20,251.69
GLD,11,57.62
AMZN,8,58.12
PYPL,10,432.94
T,15,247.31
MA,18,367.68
ABNB,21,78.03
VOO,10,188.35
GLD,13,58.63
IVV,35,416.02
VNQ,25,164.27
LLY,26,125.38
NFLX,6,336.95
V,50,78.53
MRK,20,23.69
TLT,39,368.9
JNJ,13,311.38
GOOGL,40,178.23
SQ,20,258.39
EFA,32,413.55
BRK.B,26,194.92
PG,47,415.44
MSFT,11,213.67
AMD,49,547.89
PEP,23,214.83
AVGO,57,331.38
V,33,73.67
AVGO,51,375.68
EFA,59,378.01
UNH,10,450.58
AVGO,72,428.73
ORCL,14,171.85
VNQ,27,156.3
IVV,80,459.83
BP,3,168.68
T,19,241.49
AMAT,18,531.58
TXN,53,111.01
SLV,19,110.65
GLD,24,56.25
AMZN,36,69.73
EEM,72,185.39
JPM,15,430.06
ABNB,12,78.88
UNH,17,337.55
UBER,29,235.88
PEP,7,219.7
IWM,25,278.75
T,8,219.76
ABNB,32,77.88
NFLX,24,357.32
PEP,32,204.35
HD,20,276.91
NKE,22,279.46
BP,39,189.35
SHOP,19,34.38
DIS,21,139.87
SHOP,24,32.11
CSCO,68,216.46
TLT,28,562.92
VNQ,22,143.66
AMAT,109,457.32
GLD,27,70.87
TLT,16,428.56
QQQ,29,264.33
COST,20,439.6
EFA,20,290.85
WMT,74,231.16
IVV,66,437.9
T,13,251.55
PG,21,330.42
JNJ,68,300.1
BAC,6,540.73
UBER,17,322.02
KO,7,219.15
XOM,9,227.02
KO,46,190.45
VNQ,23,135.86
PFE,13,446.48
EEM,14,165.05
UNH,39,429.24
EFA,10,451.05
EEM,41,161.09
VZ,52,72.51
PEP,8,218.41
T,4,249.31
CSCO,31,220.56
UBER,15,261.93
SHEL,31,474.56
SHEL,16,425.33
LULU,8,98.06
GLD,18,56.55
BAC,14,444.37
PFE,32,367.89
BRK.B,18,217.63
SQ,11,377.91
TLT,13,448.36
SHOP,12,35.99
NFLX,36,278.5
LIN,53,363.59
INTC,29,389.14
MRK,14,23.81
CSCO,16,269.91
VNQ,10,202.19
COST,22,442.37
V,43,81.49
PFE,44,294.77
GOOGL,14,121.92
PFE,10,425.38
EEM,32,174.71
NVDA,29,313.43
CSCO,31,224.91
SHEL,47,441.67
AMD,25,428.18
QQQ,15,314.58
WMT,19,235.66
SLV,40,110.52
T,24,247.87
UNH,17,342.07
PG,7,352.7
MRK,34,20.95
SHOP,20,31.26
BAC,35,405.98
SHEL,49,458.65
UBER,11,313.02
EFA,56,350.67
BAC,5,388.06
JPM,20,336.88
TSLA,18,447.97
IVV,68,436.25
SLV,51,130.27
PYPL,66,399.93
JNJ,6,342.25
JNJ,51,321.16
AMZN,83,72.9
IWM,36,329.71
LIN,30,248.83
ABNB,17,83.26
XOM,13,219.39
VOO,11,208.43
XOM,79,201.53
AMZN,27,60.68
TSLA,37,473.53
AVGO,43,403.12
DIS,191,104.22
EEM,7,153.52
T,8,200.04
TSLA,12,396.86
TLT,12,517.84
VNQ,17,167.04
JPM,45,355.52
AAPL,20,179.22
UBER,6,247.95
SHEL,31,427.85
MA,104,441.99
AVGO,43,378.59
QQQ,30,404.18
SHEL,5,424.05
ASML,109,515.93
ASML,77,461.36
T,23,244.66
T,5,209.52
QQQ,11,370.02
PG,45,399.76
BND,43,250.17
PFE,56,437.1
PEP,25,217.33
PFE,39,414.57
QQQ,48,291.04
AMZN,11,71.53
BP,23,153.25
VNQ,45,158.28
NVDA,21,397.84
QQQ,72,400.35
SQ,20,356.79
XOM,12,200.91
SHOP,4,35.54
SLV,13,109.51
GLD,12,67.43
TXN,18,90.55
SHEL,33,334.49
GOOGL,13,102.45
BP,9,165.55
BP,6,133.27
HD,24,311.24
AVGO,98,473.0
ASML,13,532.4
LLY,41,162.94
HD,8,332.47
SHEL,21,382.87
BP,33,147.48
GOOGL,10,138.91
LLY,32,150.74
INTC,46,319.68
LULU,16,90.08
VZ,15,52.65
HD,90,298.96
SHEL,135,425.19
SLV,26,117.55
AMAT,144,426.86
SHEL,11,367.4
PFE,25,346.22
ASML,24,600.46
GOOGL,27,132.3
AAPL,15,190.19
KO,13,221.45
SQ,94,320.46
SPY,24,299.71
TSLA,52,403.08
SHEL,16,339.89
DIS,32,128.39
PFE,9,412.79
NKE,9,219.97
QQQ,36,307.16
SHOP,19,23.82
ABNB,27,72.41
VZ,14,55.2
ASML,27,450.24
JPM,8,476.35
TXN,15,106.11
ORCL,49,253.95
NKE,10,259.87
BAC,14,436.24
PG,14,332.82
COST,23,351.48
BRK.B,47,220.16
DIS,32,112.23
MA,18,448.73
GLD,10,59.57
NKE,13,220.21
QQQ,5,390.93
WMT,15,260.19
EEM,51,136.26
HD,11,435.27
AAPL,83,171.03
SLV,29,102.78
DIS,33,108.65
LULU,5,78.22
PFE,24,377.38
SQ,23,270.79
TLT,14,537.43
BND,29,254.9
PG,45,406.99
HD,67,314.59
IVV,18,381.43
TXN,18,119.79
VOO,60,191.46
LIN,6,401.19
INTC,6,449.67
MRK,18,24.81
CRM,9,153.11
ORCL,8,164.09
PEP,12,177.22
NVDA,26,414.47
INTC,158,410.65
IWM,53,299.8
TSLA,34,427.92
HD,28,354.44
JPM,16,387.88
T,23,267.85
PEP,11,223.09
SHEL,93,460.43
JNJ,63,325.27
AAPL,30,192.33
WMT,73,174.85
NFLX,9,363.06
JNJ,20,298.18
AMD,10,447.88
BND,9,319.24
BAC,24,463.16
DIS,37,132.61
KO,47,204.64
PYPL,15,372.9
GLD,42,58.3
SQ,24,325.76
AAPL,42,135.06
WMT,40,221.92
QQQ,40,368.2
ADBE,75,192.87
EFA,62,418.8
JNJ,30,325.57
AMZN,45,71.89
IWM,19,305.85
BRK.B,23,196.31
NKE,60,248.19
KO,102,145.92
MA,16,435.46
INTC,54,425.38
TLT,30,421.57
ORCL,10,185.3
SHEL,9,378.21
LIN,34,313.19
ASML,75,572.34
EEM,8,143.09
VNQ,4,154.69
KO,41,172.28
EFA,33,291.75
BRK.B,42,204.15
VOO,24,169.77
BP,10,139.65
PFE,48,457.55
ADBE,51,172.38
IVV,27,358.38
XOM,20,224.7
XOM,96,244.02
JPM,71,419.59
T,14,247.1
V,28,78.22
NKE,18,240.47
SLV,75,83.43
SPY,57,236.74
ADBE,9,189.41
AVGO,40,446.04
EFA,42,445.19
UBER,36,340.84
BP,31,186.26
T,14,224.62
BND,19,190.75
SHOP,27,22.9
COST,25,471.38
IWM,17,350.38
MRK,8,26.15
UNH,39,305.56
BND,163,253.25
JNJ,13,269.56
TLT,21,480.07
BND,26,246.08
SPY,38,254.31
AMAT,6,475.95
LULU,4,96.91
NVDA,12,347.32
ABNB,61,64.51
AMD,51,454.89
ABNB,83,69.61
EEM,13,174.41
ADBE,18,149.17
META,17,146.89
BP,62,124.46
SQ,24,334.19
BRK.B,28,253.1
AMZN,23,64.62
LLY,37,177.61
UBER,18,368.87
LIN,15,329.0
ORCL,16,207.37
PG,2,403.07
SQ,25,248.17
SHOP,30,31.29
V,37,60.11
MA,63,395.36
PEP,39,244.44
TXN,13,115.87
ABNB,18,54.7
AMD,55,435.21
BRK.B,13,208.14
TLT,29,484.17
UNH,36,322.95
EEM,14,158.88
PYPL,92,381.44
VZ,52,56.74
NVDA,17,330.55
LIN,21,380.76
ORCL,64,186.1
AMD,56,424.29
COST,18,389.92
AMZN,30,63.23
NKE,40,219.01
JPM,25,423.79
ORCL,5,223.82
AVGO,20,293.47
NKE,27,247.55
SQ,23,347.86
AMZN,41,68.44
UBER,33,343.01
NKE,85,202.79
TLT,27,491.32
COST,43,383.8
KO,7,184.69
GLD,29,73.37
MSFT,10,232.63
INTC,128,387.52
WMT,9,217.17
MRK,24,24.43
AAPL,16,203.72
SLV,11,87.99
UNH,53,279.77
PYPL,21,531.4
META,24,127.82
GOOGL,23,136.28
CRM,27,144.91
CSCO,11,266.48
EFA,29,388.09
META,15,170.48
SHOP,20,30.59
AMZN,12,58.17
SHEL,39,382.49
LIN,13,327.64
META,40,136.53
SHEL,22,404.73
T,6,200.66
GOOGL,31,124.99
PFE,51,487.3
AVGO,40,472.34
HD,23,358.89
VNQ,16,220.96
JPM,98,392.08
VNQ,32,198.57
QQQ,22,310.26
GLD,45,62.83
QQQ,27,303.08
AVGO,7,398.67
ADBE,46,161.42
LIN,67,325.05
NFLX,11,311.23
AMD,23,524.18
AMAT,14,564.2
BP,97,161.32
BP,58,141.53
NFLX,52,353.19
NFLX,44,313.17
NVDA,3,314.41
TLT,15,430.29
IWM,26,277.02
AMAT,13,423.06
SHOP,14,33.58
JPM,15,367.33
QQQ,17,350.5
AMAT,33,307.57
CSCO,50,259.8
BRK.B,11,193.2
HD,17,302.75
SHOP,28,22.69
INTC,11,480.89
ABNB,12,83.66
JPM,31,306.52
GLD,38,61.36
XOM,17,232.07
LLY,34,190.42
AAPL,55,180.09
BND,9,240.7
MSFT,192,222.08
KO,128,211.64
NKE,29,255.48
TLT,23,385.85
GLD,24,71.28
SHOP,16,31.06
CRM,44,119.59
SHOP,17,25.98
NFLX,13,265.28
MRK,13,26.78
XOM,12,228.86
JNJ,17,370.2
NKE,61,272.13
CSCO,30,215.46
V,10,108.72
BAC,14,503.54
PG,51,359.16
SHEL,50,441.05
ASML,82,470.93
GLD,9,58.46
BND,28,256.98
BRK.B,18,168.61
GOOGL,34,169.57
COST,33,458.26
IWM,36,305.58
AVGO,47,406.07
IVV,19,408.83
VNQ,20,177.16
SHEL,19,419.24
ASML,33,548.93
ASML,60,503.71
MSFT,9,195.86
JNJ,25,252.87
UNH,64,391.37
META,32,171.88
TSLA,15,476.98
SPY,22,260.83
GOOGL,14,164.53
AMD,18,520.12
SPY,6,304.49
TLT,51,493.22
EEM,20,168.85
AMAT,121,382.1
AMZN,42,58.85
JNJ,24,314.67
SLV,18,111.06
GOOGL,11,154.05
INTC,6,432.21
AMD,19,412.42
XOM,28,183.32
SHOP,25,24.55
UNH,33,342.12
BND,17,264.2
AMAT,14,481.27
VNQ,8,183.64
AMZN,84,88.22
JPM,26,428.55
ORCL,7,210.57
PFE,42,411.28
XOM,58,218.56
MRK,17,24.19
BP,11,181.95
GLD,11,54.4
SQ,12,339.21
PEP,15,188.17
SQ,16,309.68
SPY,10,229.86
VNQ,107,153.09
TLT,19,466.04
MRK,18,24.59
PEP,47,216.24
JNJ,10,373.92
KO,22,218.92
ASML,5,510.74
V,93,84.42
IWM,20,302.02
ABNB,16,70.07
XOM,19,208.47
AVGO,57,409.13
KO,29,198.87
BAC,20,423.07
AMZN,16,66.09
UBER,11,326.51
PYPL,17,485.31
ASML,3,488.28
SLV,82,112.83
BP,41,164.02
HD,15,243.38
VOO,28,155.7
TLT,14,458.33
CRM,83,172.98
UBER,28,327.99
VZ,10,59.66
AMZN,85,64.12
CSCO,4,239.42
QQQ,48,272.71
IWM,27,307.47
NFLX,23,283.99
LULU,49,88.46
ABNB,8,54.9
PEP,59,241.09
EFA,26,338.1
AVGO,16,337.64
AVGO,18,289.05
V,14,84.87
KO,37,180.41
NFLX,42,364.56
HD,51,351.76
BND,24,225.16
SHOP,41,35.57
T,31,299.74
JNJ,8,279.4
TXN,44,110.76
XOM,61,225.02
KO,13,176.63
TXN,8,92.82
EEM,48,177.99
V,31,69.95
COST,19,364.27
NKE,55,229.29
BP,11,162.66
AMZN,15,77.85
UBER,14,289.04
AVGO,5,386.25
AVGO,16,321.21
UBER,56,375.17
ABNB,24,84.72
JPM,39,352.86
NFLX,11,344.56
JNJ,32,330.93
WMT,13,244.98
UNH,14,380.09
DIS,67,109.45
QQQ,8,294.26
NVDA,49,351.05
SHEL,22,379.32
AMD,34,430.95
TXN,30,97.94
ADBE,13,153.23
NVDA,18,338.64
SHOP,28,16.5
GLD,13,59.32
LLY,70,152.77
PG,27,453.83
AMZN,9,69.2
BAC,13,438.16
NFLX,13,286.2
TLT,164,536.92
SPY,53,282.47
SPY,7,279.36
GOOGL,51,123.08
AMAT,48,525.6
META,89,140.28
PG,11,368.1
COST,67,333.34
BND,5,257.94
PYPL,17,387.08
GLD,47,58.11
IWM,6,363.24
UBER,12,303.22
UNH,53,367.05
T,23,257.8
UNH,52,369.4
AMAT,71,360.43
BP,41,145.75
DIS,64,120.91
KO,15,195.7
BP,45,174.56
AAPL,11,161.71
UNH,24,382.89
SHEL,41,306.32
PG,31,371.41
SLV,13,101.29
BRK.B,21,124.2
SLV,15,99.51
BND,35,230.53
T,21,288.78
BP,49,179.63
JNJ,17,345.45
EFA,20,348.56
SPY,32,247.61
EEM,69,158.02
UNH,37,452.01
INTC,50,337.29
BP,33,178.63
JNJ,45,280.99
UBER,15,388.82
PEP,14,216.41
VNQ,73,169.74
PFE,14,390.66
NFLX,30,263.57
NKE,20,256.42
SHOP,60,31.97
QQQ,14,384.43
CSCO,19,188.74
KO,21,212.57
WMT,27,228.66
ADBE,77,137.42
ORCL,9,143.81
ASML,31,509.01
VZ,72,58.13
NKE,18,246.61
TSLA,26,356.72
COST,163,453.68
GLD,28,66.83
T,40,239.57
BND,15,273.56
LLY,32,158.46
PEP,66,232.38
BP,40,189.15
UNH,24,399.44
ADBE,43,151.49
PEP,25,227.86
AVGO,12,495.5
GOOGL,9,115.76
SQ,61,337.49
AMAT,11,519.96
XOM,68,224.62
SLV,151,88.19
V,39,100.5
MSFT,45,199.31
WMT,20,240.49
UBER,43,372.47
SHEL,50,354.61
PYPL,20,343.1
PYPL,18,433.83
GLD,26,81.71
AVGO,28,390.46
PFE,26,403.22
V,23,100.09
PG,26,348.16
DIS,12,112.46
XOM,25,257.73
NFLX,9,301.72
SQ,27,242.47
LLY,13,161.2
JNJ,14,331.79
VZ,21,52.72
UBER,33,419.18
QQQ,77,259.09
TLT,36,477.11
DIS,27,113.2
WMT,26,232.47
BND,16,227.75
MRK,17,23.52
VZ,37,62.26
GLD,17,64.36
QQQ,48,383.91
SLV,23,108.25
VZ,28,48.69
NKE,21,268.59
MA,38,419.69
GLD,28,56.08
LULU,40,92.09
CSCO,20,211.98
MA,23,410.45
JPM,38,372.95
GLD,74,73.18
SHOP,13,29.85
VZ,15,54.27
HD,99,320.67
BP,31,172.61
ASML,12,447.83
SHOP,10,26.45
QQQ,3,358.81
AMZN,103,67.25
ABNB,9,67.18
GOOGL,17,120.38
LLY,44,192.59
TXN,10,116.7
META,71,181.4
MRK,182,20.4
IWM,177,279.28
AMZN,16,68.67
BND,16,267.42
AAPL,9,166.76
AVGO,60,385.03
JPM,27,413.85
LLY,55,140.66
VOO,36,166.16
XOM,27,254.11
META,10,129.73
EEM,6,150.5
V,62,86.88
AAPL,9,161.67
UNH,8,332.84
ORCL,32,153.27
NKE,53,244.46
ADBE,26,160.38
AMZN,42,72.29
IVV,31,482.63
VOO,21,182.85
IWM,19,291.76
SHEL,20,381.83
IVV,15,477.37
BP,61,184.86
T,10,281.38
IWM,19,312.71
VZ,13,57.44
MSFT,30,167.92
AAPL,37,199.41
SHOP,21,34.43
UBER,21,382.77
AVGO,5,500.21
AAPL,69,165.82
MSFT,6,211.38
ABNB,8,76.69
GLD,32,55.21
BAC,53,511.49
SHOP,48,29.63
PFE,9,487.88
MSFT,20,170.24
ORCL,63,223.34
MRK,23,28.81
EFA,26,340.66
TLT,15,583.29
CRM,14,146.08
COST,16,403.45
BP,50,154.69
HD,18,378.22
TSLA,75,480.76
BP,15,152.15
TSLA,25,463.43
ABNB,12,79.12
V,26,70.01
JNJ,12,304.7
PG,23,472.04
IVV,28,406.4
ABNB,28,69.72
WMT,30,244.23
MRK,57,22.81
CSCO,77,245.75
BAC,14,590.08
LULU,30,83.64
INTC,78,507.13
NVDA,23,320.05
ADBE,21,180.15
INTC,60,433.71
NKE,26,290.88
SQ,19,349.34
JNJ,20,341.09
EFA,22,354.57
XOM,18,261.82
KO,14,165.18
TLT,108,544.73
MRK,4,21.33
TXN,6,95.11
NVDA,2,335.04
QQQ,11,339.22
TXN,7,108.43
QQQ,18,397.5
BND,65,279.25
GOOGL,19,169.79
NVDA,8,283.27
INTC,23,515.72
NFLX,21,306.86
NFLX,8,349.38
UBER,47,380.25
T,15,223.01
AMZN,9,66.75
VOO,11,147.42
AAPL,18,161.6
EFA,16,376.94
MA,25,418.76
NVDA,27,300.11
VZ,26,57.5
TXN,8,120.19
CRM,13,135.69
QQQ,55,374.21
LULU,25,88.92
DIS,47,128.5
SQ,15,281.23
TXN,5,109.34
TSLA,23,507.08
LIN,31,411.88
ABNB,15,82.74
BP,16,177.2
GOOGL,8,140.99
XOM,6,218.21
UNH,33,360.74
LIN,11,391.09
AMAT,22,456.17
EFA,25,469.9
ASML,55,568.66
SQ,33,317.09
T,4,223.83
BAC,17,361.47
GOOGL,10,104.53
SHEL,23,443.69
META,53,155.03
TLT,12,374.49
SHEL,7,342.48
BAC,13,457.46
LIN,12,369.48
SHOP,20,29.64
SQ,54,266.85
IWM,32,291.19
GOOGL,19,151.69
HD,45,295.14
SHEL,21,417.63
TXN,20,114.9
PEP,29,273.84
MSFT,8,201.32
UNH,12,412.7
PYPL,7,402.79
V,15,80.39
BND,8,240.96
MRK,52,22.81
EEM,38,193.3
MRK,29,21.35
INTC,34,379.41
SHEL,17,330.32
META,46,140.84
KO,27,158.74
MA,33,394.1
SQ,22,343.63
JNJ,42,323.46
SQ,7,422.53
LLY,83,190.74
TXN,14,105.9
NFLX,16,361.35
TLT,29,441.64
LIN,17,402.81
SHOP,75,35.03
DIS,41,115.28
NFLX,2,324.95
BND,24,259.49
SLV,25,93.5
JPM,36,421.22
LULU,39,103.52
EFA,37,339.4
GLD,23,62.92
NVDA,26,381.44
ORCL,38,222.87
SLV,114,112.26
CSCO,1,254.49
AMZN,16,59.72
TSLA,18,422.32
CRM,37,109.12
XOM,11,234.72
LLY,37,189.03
META,14,130.34
DIS,17,122.3
SPY,69,201.19
VNQ,21,143.42
IVV,7,504.45
SPY,35,281.1
INTC,46,382.55
VNQ,18,215.5
PEP,20,244.28
MSFT,24,159.0
VOO,5,159.75
BAC,51,510.52
LULU,46,81.95
AMD,76,424.28
VZ,28,56.41
XOM,21,261.65
CSCO,14,185.71
UBER,24,330.69
NFLX,260,339.23
CRM,18,117.23
HD,6,292.0
TLT,26,571.02
PYPL,53,397.35
IWM,19,301.09
NFLX,17,378.46
NVDA,21,337.11
VNQ,5,166.72
IVV,44,394.09
PFE,14,478.18
COST,8,481.25
JNJ,16,309.2
EEM,11,168.43
META,137,161.53
NVDA,13,387.06
BAC,19,543.33
V,43,57.02
NFLX,12,349.32
EEM,27,141.33
LULU,15,71.7
VOO,23,217.22
V,43,111.33
SLV,45,124.91
NFLX,97,327.96
PEP,21,252.3
ADBE,67,156.36
TSLA,14,453.68
NVDA,43,373.26
AAPL,9,211.06
KO,15,175.51
AMD,13,635.21
ADBE,29,148.98
BND,44,278.75
BAC,21,513.45
TSLA,13,419.84
JPM,6,329.32
NVDA,86,407.74
HD,25,399.4
CRM,21,130.32
AMD,25,472.65
UBER,21,395.02
UBER,27,377.06
ORCL,50,186.71
AVGO,12,324.74
TSLA,27,437.07
MSFT,26,203.93
NVDA,149,286.26
CSCO,6,230.44
UBER,18,360.53
NVDA,36,393.13
SPY,8,248.9
SPY,33,291.38
LULU,113,103.62
PEP,23,200.49
AMAT,16,450.17
NFLX,38,323.44
AAPL,9,162.7
PFE,45,455.07
AVGO,36,405.49
NFLX,76,322.65
VNQ,18,151.96
NVDA,29,240.87
GLD,21,60.7
LIN,9,315.49
UBER,43,356.98
LIN,26,368.09
JNJ,26,372.69
SQ,26,256.48
ABNB,76,76.04
MA,16,368.52
TLT,32,480.67
NFLX,73,300.74
MA,13,480.39
JPM,46,399.44
BAC,39,464.29
KO,28,206.62
BAC,38,456.93
VZ,63,40.45
V,103,70.11
META,15,146.95
MA,22,486.14
CRM,11,138.44
BAC,16,482.92
AVGO,23,392.0
KO,16,170.18
T,29,271.28
LULU,16,83.27
META,37,147.1
ADBE,43,147.89
WMT,7,213.72
JNJ,14,321.25
GLD,15,67.77
VOO,20,174.78
VZ,27,57.8
SPY,24,283.06
IVV,14,527.9
PG,20,324.24
NKE,27,221.38
TSLA,39,564.56
JPM,14,407.14
KO,7,191.15
AAPL,13,158.81
INTC,11,441.58
DIS,49,119.21
LLY,13,209.0
IVV,14,334.73
NFLX,33,272.16
COST,49,407.51
AMAT,37,566.15
DIS,10,110.81
AMD,23,568.37
DIS,15,110.4
CRM,34,124.94
MRK,27,18.62
MRK,115,19.18
AMAT,19,482.75
QQQ,93,283.26
SPY,98,290.95
JPM,32,345.26
KO,36,165.54
PEP,59,198.32
SPY,22,248.95
EFA,12,388.71
PG,35,440.63
T,7,274.8
PEP,141,212.31
HD,92,322.45
INTC,9,391.03
PEP,51,201.9
PFE,16,467.74
SLV,24,119.0
EFA,28,377.5
VOO,18,176.45
VZ,12,65.21
SQ,15,352.99
LULU,20,95.21
JNJ,17,284.78
PEP,7,196.05
NFLX,19,321.74
BAC,49,441.45
MRK,13,18.92
LULU,34,108.39
INTC,59,440.5
ADBE,38,199.72
BRK.B,30,235.68
SHEL,19,337.97
SQ,15,310.54
PG,25,473.75
PYPL,25,441.43
SHOP,18,28.49
HD,9,303.3
TLT,35,487.96
VNQ,47,174.43
UBER,19,436.91
MSFT,22,232.83
GLD,18,67.54
NKE,46,252.73
EEM,4,161.47
UNH,58,409.16
AMD,33,380.67
COST,14,448.12
PFE,32,500.28
LLY,22,184.07
EFA,24,314.68
META,5,155.32
MRK,27,21.18
TXN,7,115.47
LULU,20,99.17
LULU,90,69.07
AVGO,15,377.94
TLT,67,391.79
VZ,95,57.4
JPM,22,382.21
VOO,18,193.27
KO,11,188.79
JNJ,18,294.66
WMT,149,239.8
IWM,37,331.5
V,9,106.7
EEM,4,146.26
CRM,17,143.61
LULU,28,91.1
NFLX,24,276.94
META,8,160.55
AMD,39,571.08
SPY,14,288.89
T,20,278.49
PYPL,50,396.52
INTC,19,452.73
SHOP,38,27.17
ORCL,9,172.22
SHEL,70,459.58
BP,11,139.37
AMAT,59,418.6
EFA,35,330.57
AVGO,76,351.84
SHOP,54,30.26
GOOGL,29,104.7
LULU,5,90.5
ADBE,29,143.52
EFA,11,381.01
LIN,36,349.17
COST,42,366.87
SHOP,19,35.45
SPY,25,270.76
VOO,123,142.85
BP,42,194.44
NVDA,19,375.78
TSLA,12,409.47
VNQ,32,187.08
JNJ,53,385.41
IWM,23,333.46
IWM,19,323.25
CSCO,28,233.45
MA,32,350.23
QQQ,11,340.94
IVV,7,497.08
GOOGL,45,142.5
SQ,11,362.37
QQQ,102,342.74
TLT,35,499.32
QQQ,35,331.97
INTC,23,450.04
BND,126,212.32
DIS,22,102.04
LULU,74,86.4
CRM,8,144.52
TSLA,83,481.77
AAPL,28,180.11
TSLA,66,399.43
WMT,22,215.92
XOM,10,216.56
ORCL,53,190.53
SLV,38,113.15
ABNB,35,65.81
UBER,19,355.36
PYPL,29,401.58
EFA,22,340.79
SQ,223,344.71
XOM,32,219.13
AMD,17,472.31
ADBE,30,128.48
INTC,8,374.9
NKE,28,239.48
VNQ,69,140.35
TLT,14,576.45
PYPL,26,427.78
EFA,103,327.24
ORCL,22,172.57
V,6,84.88
CSCO,45,235.98
MSFT,37,195.11
T,15,280.8
TSLA,17,461.99
PFE,27,513.23
AVGO,48,327.42
BP,10,173.34
NVDA,23,322.03
BRK.B,49,223.64
LLY,25,191.95
GLD,18,73.95
V,14,95.11
CSCO,66,184.97
KO,19,206.13
DIS,55,116.43
NKE,14,274.84
LULU,56,79.97
UNH,10,395.2
ABNB,38,70.19
T,39,222.91
CSCO,5,210.33
T,25,235.61
TSLA,10,349.01
AMD,17,531.53
GLD,59,71.11
EFA,13,307.54
AMD,34,516.41
PEP,32,170.23
META,13,147.15
KO,34,197.97
GOOGL,27,142.56
COST,26,462.17
EEM,30,162.39
BRK.B,20,220.85
MSFT,34,210.88
TXN,32,124.66
DIS,29,109.62
QQQ,45,281.58
TSLA,11,464.22
TLT,35,414.68
COST,18,395.98
MA,17,482.88
SHEL,40,403.07
SLV,16,93.19
JNJ,66,347.36
ABNB,14,79.09
HD,23,321.49
UBER,33,316.45
MA,19,440.08
DIS,17,128.42
UBER,90,315.92
CRM,7,101.99
NKE,22,226.94
XOM,28,229.03
COST,7,334.04
INTC,30,412.52
VOO,18,137.54
HD,34,383.78
HD,29,299.1
VOO,25,143.54
IWM,51,294.54
CRM,7,129.4
INTC,33,389.7
MSFT,20,174.3
SLV,36,102.55
IVV,5,431.86
ASML,48,475.87
PG,82,404.61
AMD,31,472.45
PYPL,23,374.5
CRM,19,142.79
NFLX,12,273.25
AAPL,11,213.82
EEM,35,167.01
UNH,11,413.58
UNH,22,394.69
BAC,12,475.37
BND,18,231.75
EEM,41,131.39
COST,36,462.12
LULU,13,83.81
META,20,152.68
SQ,22,327.05
TSLA,84,419.05
COST,7,469.36
AMAT,79,507.48
SHOP,11,29.16
HD,11,358.65
ADBE,9,159.94
PEP,12,227.9
PG,18,392.96
NKE,24,217.37
BRK.B,38,217.44
WMT,12,289.72
IWM,34,286.32
AMAT,66,591.75
VZ,22,58.83
ABNB,12,71.51
VOO,21,175.49
PEP,30,239.56
SPY,28,227.97
NFLX,12,293.19
IVV,20,508.99
INTC,10,388.51
PYPL,47,372.8
BRK.B,33,215.06
CSCO,29,215.52
CSCO,39,180.51
TXN,19,111.18
NKE,35,290.73
IVV,18,532.25
HD,15,386.05
MRK,43,20.37
TLT,30,484.52
EEM,38,156.8
COST,19,497.2
KO,22,199.26
BP,20,194.5
IVV,15,418.69
PYPL,71,366.07
NVDA,75,377.1
TLT,22,381.44
JPM,24,396.29
PEP,55,267.27
BRK.B,15,239.75
